pre_id,post_id,synapse_count,synapse_count_hp,pre_type,pre_instance,pre_nt_consensus,post_type,post_instance
10056,800434,220,206,DNg100,DNg100_R,acetylcholine,IN09A002,IN09A002_L
10056,800618,216,205,DNg100,DNg100_R,acetylcholine,IN12B003,IN12B003_R
10056,10638,210,187,DNg100,DNg100_R,acetylcholine,GNG667,GNG667_R
10056,800827,206,188,DNg100,DNg100_R,acetylcholine,IN12B003,IN12B003_R
10056,531425,188,163,DNg100,DNg100_R,acetylcholine,GNG506,GNG506_L
10056,800531,180,159,DNg100,DNg100_R,acetylcholine,IN19A006,IN19A006_L
10056,800685,170,149,DNg100,DNg100_R,acetylcholine,IN09A002,IN09A002_L
10056,800009,167,145,DNg100,DNg100_R,acetylcholine,IN17A001,IN17A001_L
10056,801235,167,150,DNg100,DNg100_R,acetylcholine,IN01A015,IN01A015_R
10056,800296,160,143,DNg100,DNg100_R,acetylcholine,IN09A002,IN09A002_L
10056,800173,155,139,DNg100,DNg100_R,acetylcholine,IN17A001,IN17A001_L
10056,801804,151,123,DNg100,DNg100_R,acetylcholine,IN01A015,IN01A015_R
10056,800003,140,125,DNg100,DNg100_R,acetylcholine,IN17A001,IN17A001_L
10056,10559,135,125,DNg100,DNg100_R,acetylcholine,GNG106,GNG106_L
10056,801050,135,117,DNg100,DNg100_R,acetylcholine,IN13B006,IN13B006_R
10056,800329,127,114,DNg100,DNg100_R,acetylcholine,dPR1,dPR1_L
10056,911967,123,109,DNg100,DNg100_R,acetylcholine,IN01A002,IN01A002_L
10056,10045,119,106,DNg100,DNg100_R,acetylcholine,DNg100,DNg100_L
10056,12644,117,107,DNg100,DNg100_R,acetylcholine,PPM1201,PPM1201_L
10056,90051,112,104,DNg100,DNg100_R,acetylcholine,AN07B003,AN07B003_L
10056,522823,110,97,DNg100,DNg100_R,acetylcholine,PPM1201,PPM1201_L
10056,10785,109,96,DNg100,DNg100_R,acetylcholine,OLVC1,OLVC1_L
10056,10475,105,91,DNg100,DNg100_R,acetylcholine,LT42,LT42_L
10056,801318,105,99,DNg100,DNg100_R,acetylcholine,IN19A009,IN19A009_L
10056,800286,104,98,DNg100,DNg100_R,acetylcholine,INXXX464,INXXX464_L
10056,903366,101,92,DNg100,DNg100_R,acetylcholine,IN16B016,IN16B016_L
10056,516820,96,83,DNg100,DNg100_R,acetylcholine,GNG127,GNG127_L
10056,45501,94,92,DNg100,DNg100_R,acetylcholine,AN19B009,AN19B009_L
10056,801749,90,77,DNg100,DNg100_R,acetylcholine,IN06A028,IN06A028_L
10056,802743,89,76,DNg100,DNg100_R,acetylcholine,IN01A015,IN01A015_R
10056,808289,89,82,DNg100,DNg100_R,acetylcholine,IN01A023,IN01A023_L
10056,800132,85,81,DNg100,DNg100_R,acetylcholine,IN13A003,IN13A003_L
10056,15472,84,74,DNg100,DNg100_R,acetylcholine,VES014,VES014_L
10056,800174,83,72,DNg100,DNg100_R,acetylcholine,IN19A006,IN19A006_L
10056,800525,81,73,DNg100,DNg100_R,acetylcholine,IN19A018,IN19A018_L
10056,802115,81,66,DNg100,DNg100_R,acetylcholine,IN09A012,IN09A012_L
10056,13633,80,65,DNg100,DNg100_R,acetylcholine,DNg43,DNg43_L
10056,23498,80,70,DNg100,DNg100_R,acetylcholine,AN08B022,AN08B022_L
10056,800663,80,61,DNg100,DNg100_R,acetylcholine,IN03A006,IN03A006_L
10056,803256,79,74,DNg100,DNg100_R,acetylcholine,IN01A025,IN01A025_L
10056,805426,77,71,DNg100,DNg100_R,acetylcholine,IN14B010,IN14B010_L
10056,30624,76,68,DNg100,DNg100_R,acetylcholine,AN08B022,AN08B022_L
10056,800977,76,64,DNg100,DNg100_R,acetylcholine,IN16B016,IN16B016_L
10056,800072,75,68,DNg100,DNg100_R,acetylcholine,INXXX464,INXXX464_L
10056,905025,75,69,DNg100,DNg100_R,acetylcholine,IN19B004,IN19B004_L
10056,801725,74,64,DNg100,DNg100_R,acetylcholine,IN19B005,IN19B005_L
10056,519981,73,61,DNg100,DNg100_R,acetylcholine,AN04B001,AN04B001_L
10056,52862,70,59,DNg100,DNg100_R,acetylcholine,VES049,VES049_L
10056,515062,70,66,DNg100,DNg100_R,acetylcholine,GNG287,GNG287_L
10056,801787,70,65,DNg100,DNg100_R,acetylcholine,IN19A016,IN19A016_L
10056,45658,69,61,DNg100,DNg100_R,acetylcholine,GNG194,GNG194_L
10056,800911,69,64,DNg100,DNg100_R,acetylcholine,Ti extensor MN,Ti extensor MN_L
10056,802731,69,59,DNg100,DNg100_R,acetylcholine,MNhl59,MNhl59_L
10056,801904,68,65,DNg100,DNg100_R,acetylcholine,IN21A007,IN21A007_L
10056,11986,67,56,DNg100,DNg100_R,acetylcholine,DNge018,DNge018_L
10056,11424,66,57,DNg100,DNg100_R,acetylcholine,DNge026,DNge026_L
10056,513233,66,59,DNg100,DNg100_R,acetylcholine,VES048,VES048_L
10056,800792,66,57,DNg100,DNg100_R,acetylcholine,IN17A022,IN17A022_L
10056,819028,66,60,DNg100,DNg100_R,acetylcholine,IN09A006,IN09A006_L
10056,529811,65,56,DNg100,DNg100_R,acetylcholine,AVLP476,AVLP476_L
10056,524137,64,53,DNg100,DNg100_R,acetylcholine,VES049,VES049_L
10056,11111,63,60,DNg100,DNg100_R,acetylcholine,DNbe003,DNbe003(hb5813024933)_L
10056,800116,62,57,DNg100,DNg100_R,acetylcholine,IN13A001,IN13A001_L
10056,800506,60,58,DNg100,DNg100_R,acetylcholine,IN19A009,IN19A009_L
10056,803427,60,53,DNg100,DNg100_R,acetylcholine,IN01A025,IN01A025_L
10056,903689,60,57,DNg100,DNg100_R,acetylcholine,Sternal anterior rotator MN,Sternal anterior rotator MN_L
10056,18455,59,54,DNg100,DNg100_R,acetylcholine,AN17B008,AN17B008_L
10056,800628,59,54,DNg100,DNg100_R,acetylcholine,IN01A009,IN01A009_R
10056,801873,58,50,DNg100,DNg100_R,acetylcholine,IN19A016,IN19A016_L
10056,805450,58,53,DNg100,DNg100_R,acetylcholine,IN09A012,IN09A012_L
10056,800348,57,53,DNg100,DNg100_R,acetylcholine,IN13B004,IN13B004_R
10056,800527,56,49,DNg100,DNg100_R,acetylcholine,IN19A005,IN19A005_L
10056,802404,55,49,DNg100,DNg100_R,acetylcholine,IN26X003,IN26X003_R
10056,25990,53,50,DNg100,DNg100_R,acetylcholine,WED166_d,WED166_d_L
10056,31181,53,50,DNg100,DNg100_R,acetylcholine,WED166_d,WED166_d_L
10056,800175,53,47,DNg100,DNg100_R,acetylcholine,Pleural remotor/abductor MN,Pleural remotor/abductor MN_L
10056,800323,53,49,DNg100,DNg100_R,acetylcholine,dPR1,dPR1_R
10056,800904,53,49,DNg100,DNg100_R,acetylcholine,IN01A016,IN01A016_R
10056,804940,53,49,DNg100,DNg100_R,acetylcholine,IN09A012,IN09A012_L
10056,15614,52,47,DNg100,DNg100_R,acetylcholine,VES073,VES073_L
10056,800557,52,45,DNg100,DNg100_R,acetylcholine,IN03A006,IN03A006_L
10056,802509,51,47,DNg100,DNg100_R,acetylcholine,Pleural remotor/abductor MN,Pleural remotor/abductor MN_L
10056,10510,50,44,DNg100,DNg100_R,acetylcholine,GNG105,GNG105_L
10056,803039,50,46,DNg100,DNg100_R,acetylcholine,INXXX471,INXXX471_L
10056,903079,50,43,DNg100,DNg100_R,acetylcholine,IN01A018,IN01A018_L
10056,17510,48,45,DNg100,DNg100_R,acetylcholine,AN19A018,AN19A018_L
10056,800432,48,44,DNg100,DNg100_R,acetylcholine,IN01A008,IN01A008_L
10056,905141,48,38,DNg100,DNg100_R,acetylcholine,IN01B006,IN01B006_L
10056,801120,47,43,DNg100,DNg100_R,acetylcholine,IN09A006,IN09A006_L
10056,13158,46,40,DNg100,DNg100_R,acetylcholine,VES056,VES056_L
10056,803050,46,36,DNg100,DNg100_R,acetylcholine,IN16B042,IN16B042_L
10056,11006,45,35,DNg100,DNg100_R,acetylcholine,DNge129,DNge129_L
10056,11920,45,36,DNg100,DNg100_R,acetylcholine,GNG587,GNG587_L
10056,27975,45,40,DNg100,DNg100_R,acetylcholine,GNG005,GNG005_M
10056,21743,44,35,DNg100,DNg100_R,acetylcholine,AN19B014,AN19B014_L
10056,800111,44,41,DNg100,DNg100_R,acetylcholine,IN13A001,IN13A001_L
10056,800115,44,38,DNg100,DNg100_R,acetylcholine,IN13B004,IN13B004_R
10056,801773,44,44,DNg100,DNg100_R,acetylcholine,IN16B014,IN16B014_L
10056,71940,43,38,DNg100,DNg100_R,acetylcholine,AN14A003,AN14A003_R
10056,803223,43,35,DNg100,DNg100_R,acetylcholine,IN01A023,IN01A023_L
10056,10856,42,38,DNg100,DNg100_R,acetylcholine,DNge129,DNge129_R
10056,800504,42,37,DNg100,DNg100_R,acetylcholine,Sternotrochanter MN,Sternotrochanter MN_L
10056,805827,42,34,DNg100,DNg100_R,acetylcholine,IN06B056,IN06B056_L
10056,934752,41,36,DNg100,DNg100_R,acetylcholine,IN21A007,IN21A007_L
10056,539142,40,35,DNg100,DNg100_R,acetylcholine,WED166_a,WED166_a_L
10056,902667,40,35,DNg100,DNg100_R,acetylcholine,IN16B016,IN16B016_L
10056,801074,39,31,DNg100,DNg100_R,acetylcholine,IN03A007,IN03A007_L
10056,803843,39,33,DNg100,DNg100_R,acetylcholine,INXXX140,INXXX140_L
10056,903116,39,36,DNg100,DNg100_R,acetylcholine,IN09A006,IN09A006_L
10056,12860,38,28,DNg100,DNg100_R,acetylcholine,DNg44,DNg44_L
10056,801067,38,33,DNg100,DNg100_R,acetylcholine,IN01A009,IN01A009_R
10056,10295,37,27,DNg100,DNg100_R,acetylcholine,DNg34,DNg34_L
10056,16672,37,35,DNg100,DNg100_R,acetylcholine,AN17B008,AN17B008_R
10056,804764,37,31,DNg100,DNg100_R,acetylcholine,IN01A038,IN01A038_L
10056,521152,36,31,DNg100,DNg100_R,acetylcholine,AN05B103,AN05B103_L
10056,800101,36,29,DNg100,DNg100_R,acetylcholine,IN01A012,IN01A012_R
10056,800273,36,34,DNg100,DNg100_R,acetylcholine,IN13B004,IN13B004_R
10056,802251,36,31,DNg100,DNg100_R,acetylcholine,MNad34,MNad34_L
10056,806852,36,34,DNg100,DNg100_R,acetylcholine,IN06B056,IN06B056_L
10056,20010,35,30,DNg100,DNg100_R,acetylcholine,AN06B002,AN06B002_L
10056,800312,35,35,DNg100,DNg100_R,acetylcholine,IN03B011,IN03B011_L
10056,805637,35,32,DNg100,DNg100_R,acetylcholine,IN12B025,IN12B025_R
10056,908147,35,30,DNg100,DNg100_R,acetylcholine,IN23B028,IN23B028_L
10056,10192,34,27,DNg100,DNg100_R,acetylcholine,DNg75,DNg75(hb1874217622)_L
10056,10205,34,32,DNg100,DNg100_R,acetylcholine,GNG003,GNG003_M
10056,12936,34,30,DNg100,DNg100_R,acetylcholine,LAL102,LAL102_L
10056,801234,34,30,DNg100,DNg100_R,acetylcholine,Ti extensor MN,Ti extensor MN_L
10056,803803,34,33,DNg100,DNg100_R,acetylcholine,Pleural remotor/abductor MN,Pleural remotor/abductor MN_L
10056,807281,34,32,DNg100,DNg100_R,acetylcholine,Tergopleural/Pleural promotor MN,Tergopleural/Pleural promotor MN_L
10056,808640,34,31,DNg100,DNg100_R,acetylcholine,Sternal posterior rotator MN,Sternal posterior rotator MN_L
10056,10676,33,29,DNg100,DNg100_R,acetylcholine,DNg49,DNg49_L
10056,807585,33,30,DNg100,DNg100_R,acetylcholine,IN12B025,IN12B025_R
10056,902276,33,28,DNg100,DNg100_R,acetylcholine,IN21A017,IN21A017_L
10056,934092,33,29,DNg100,DNg100_R,acetylcholine,IN19A016,IN19A016_L
10056,58609,32,27,DNg100,DNg100_R,acetylcholine,AN19B009,AN19B009_L
10056,801335,32,27,DNg100,DNg100_R,acetylcholine,MNhl59,MNhl59_R
10056,803098,32,26,DNg100,DNg100_R,acetylcholine,IN16B042,IN16B042_L
10056,803620,32,28,DNg100,DNg100_R,acetylcholine,IN16B042,IN16B042_L
10056,45127,31,29,DNg100,DNg100_R,acetylcholine,GNG565,GNG565_L
10056,801196,31,29,DNg100,DNg100_R,acetylcholine,IN12A007,IN12A007_L
10056,802651,31,31,DNg100,DNg100_R,acetylcholine,IN11B001,IN11B001_R
10056,806813,31,30,DNg100,DNg100_R,acetylcholine,IN06B056,IN06B056_L
10056,925136,31,31,DNg100,DNg100_R,acetylcholine,IN14B010,IN14B010_L
10056,800170,30,25,DNg100,DNg100_R,acetylcholine,IN19A014,IN19A014_L
10056,801435,30,26,DNg100,DNg100_R,acetylcholine,IN19A024,IN19A024_L
10056,801568,30,26,DNg100,DNg100_R,acetylcholine,IN19A024,IN19A024_L
10056,802127,30,25,DNg100,DNg100_R,acetylcholine,IN13A008,IN13A008_L
10056,802259,30,25,DNg100,DNg100_R,acetylcholine,IN14B009,IN14B009_L
10056,803216,30,26,DNg100,DNg100_R,acetylcholine,IN16B042,IN16B042_L
10056,803934,30,29,DNg100,DNg100_R,acetylcholine,IN26X003,IN26X003_R
10056,12443,29,27,DNg100,DNg100_R,acetylcholine,DNbe002,DNbe002_L
10056,555827,29,23,DNg100,DNg100_R,acetylcholine,GNG556,GNG556_L
10056,800061,29,26,DNg100,DNg100_R,acetylcholine,Tergopleural/Pleural promotor MN,Tergopleural/Pleural promotor MN_L
10056,801104,29,28,DNg100,DNg100_R,acetylcholine,IN01A010,IN01A010_R
10056,804347,29,27,DNg100,DNg100_R,acetylcholine,IN14B010,IN14B010_L
10056,904685,29,24,DNg100,DNg100_R,acetylcholine,IN13A001,IN13A001_L
10056,923171,29,27,DNg100,DNg100_R,acetylcholine,INXXX140,INXXX140_R
10056,10420,28,28,DNg100,DNg100_R,acetylcholine,GNG667,GNG667_L
10056,801633,28,26,DNg100,DNg100_R,acetylcholine,IN01B006,IN01B006_L
10056,803330,28,24,DNg100,DNg100_R,acetylcholine,IN02A020,IN02A020_L
10056,803583,28,23,DNg100,DNg100_R,acetylcholine,INXXX056,INXXX056_L
10056,11333,27,23,DNg100,DNg100_R,acetylcholine,GNG500,GNG500_L
10056,800032,27,25,DNg100,DNg100_R,acetylcholine,IN21A001,IN21A001_L
10056,800589,27,23,DNg100,DNg100_R,acetylcholine,Tr flexor MN,Tr flexor MN_L
10056,903567,27,20,DNg100,DNg100_R,acetylcholine,IN19A002,IN19A002_L
10056,11261,26,22,DNg100,DNg100_R,acetylcholine,DNp54,DNp54(PS163)_L
10056,801173,26,21,DNg100,DNg100_R,acetylcholine,Tergopleural/Pleural promotor MN,Tergopleural/Pleural promotor MN_L
10056,801992,26,23,DNg100,DNg100_R,acetylcholine,IN16B042,IN16B042_L
10056,11302,25,23,DNg100,DNg100_R,acetylcholine,DNg104,DNg104_R
10056,27787,25,20,DNg100,DNg100_R,acetylcholine,,
10056,28055,25,24,DNg100,DNg100_R,acetylcholine,,
10056,34587,25,23,DNg100,DNg100_R,acetylcholine,WED166_a,WED166_a_L
10056,521191,25,20,DNg100,DNg100_R,acetylcholine,VES005,VES005_L
10056,800505,25,19,DNg100,DNg100_R,acetylcholine,IN09A006,IN09A006_L
10056,806704,25,24,DNg100,DNg100_R,acetylcholine,IN06B056,IN06B056_L
10056,813201,25,24,DNg100,DNg100_R,acetylcholine,EN00B008,EN00B008_M
10056,905421,25,22,DNg100,DNg100_R,acetylcholine,Pleural remotor/abductor MN,Pleural remotor/abductor MN_L
10056,25614,24,22,DNg100,DNg100_R,acetylcholine,WEDPN1A,WEDPN1A_L
10056,52991,24,21,DNg100,DNg100_R,acetylcholine,WED166_d,WED166_d_L
10056,803306,24,19,DNg100,DNg100_R,acetylcholine,IN12B025,IN12B025_R
10056,804872,24,20,DNg100,DNg100_R,acetylcholine,IN01A038,IN01A038_L
10056,807793,24,19,DNg100,DNg100_R,acetylcholine,IN08B092,IN08B092_L
10056,902492,24,22,DNg100,DNg100_R,acetylcholine,Pleural remotor/abductor MN,Pleural remotor/abductor MN_L
10056,912073,24,22,DNg100,DNg100_R,acetylcholine,IN13A003,IN13A003_L
10056,522432,23,21,DNg100,DNg100_R,acetylcholine,DNp56,DNp56(VES055)_L
10056,800037,23,21,DNg100,DNg100_R,acetylcholine,IN10B001,IN10B001_L
10056,800483,23,20,DNg100,DNg100_R,acetylcholine,IN03A007,IN03A007_L
10056,802638,23,19,DNg100,DNg100_R,acetylcholine,IN19A016,IN19A016_L
10056,803226,23,19,DNg100,DNg100_R,acetylcholine,Sternal posterior rotator MN,Sternal posterior rotator MN_L
10056,806135,23,21,DNg100,DNg100_R,acetylcholine,IN12B025,IN12B025_R
10056,806783,23,21,DNg100,DNg100_R,acetylcholine,IN14A017,IN14A017_R
10056,809206,23,19,DNg100,DNg100_R,acetylcholine,IN09A064,IN09A064_L
10056,823180,23,22,DNg100,DNg100_R,acetylcholine,IN01A064,IN01A064_L
10056,903990,23,21,DNg100,DNg100_R,acetylcholine,IN01A012,IN01A012_R
10056,10809,22,20,DNg100,DNg100_R,acetylcholine,MeVC2,MeVC2_L
10056,15705,22,19,DNg100,DNg100_R,acetylcholine,DNge081,DNge081_L
10056,513354,22,21,DNg100,DNg100_R,acetylcholine,PPM1202,PPM1202_L
10056,522729,22,18,DNg100,DNg100_R,acetylcholine,WEDPN1A,WEDPN1A_L
10056,802407,22,19,DNg100,DNg100_R,acetylcholine,Sternotrochanter MN,Sternotrochanter MN_L
10056,805888,22,18,DNg100,DNg100_R,acetylcholine,IN12B079_a,IN12B079_a_R
10056,10549,21,19,DNg100,DNg100_R,acetylcholine,CB0121,CB0121_L
10056,11126,21,18,DNg100,DNg100_R,acetylcholine,SAD010,SAD010_L
10056,24888,21,19,DNg100,DNg100_R,acetylcholine,AN03B011,AN03B011_L
10056,27250,21,18,DNg100,DNg100_R,acetylcholine,GNG146,GNG146_L
10056,529573,21,19,DNg100,DNg100_R,acetylcholine,VES051,VES051_L
10056,800141,21,20,DNg100,DNg100_R,acetylcholine,IN19A002,IN19A002_L
10056,803904,21,21,DNg100,DNg100_R,acetylcholine,MNad10,MNad10_L
10056,804845,21,20,DNg100,DNg100_R,acetylcholine,IN01A038,IN01A038_L
10056,19175,20,17,DNg100,DNg100_R,acetylcholine,AN06B002,AN06B002_L
10056,29086,20,19,DNg100,DNg100_R,acetylcholine,DNge023,DNge023_L
10056,802215,20,17,DNg100,DNg100_R,acetylcholine,Sternal anterior rotator MN,Sternal anterior rotator MN
10056,805014,20,18,DNg100,DNg100_R,acetylcholine,IN03A060,IN03A060_L
10056,811777,20,19,DNg100,DNg100_R,acetylcholine,IN12B048,IN12B048_R
10056,811870,20,16,DNg100,DNg100_R,acetylcholine,IN08B092,IN08B092_L
10056,852122,20,19,DNg100,DNg100_R,acetylcholine,,
10056,10440,19,18,DNg100,DNg100_R,acetylcholine,DNg16,DNg16_R
10056,11982,19,16,DNg100,DNg100_R,acetylcholine,GNG127,GNG127_R
10056,800574,19,17,DNg100,DNg100_R,acetylcholine,IN08B006,IN08B006_L
10056,800701,19,15,DNg100,DNg100_R,acetylcholine,IN13A008,IN13A008_L
10056,801319,19,19,DNg100,DNg100_R,acetylcholine,MNnm13,MNnm13_L
10056,802927,19,17,DNg100,DNg100_R,acetylcholine,IN14A010,IN14A010_R
10056,809499,19,16,DNg100,DNg100_R,acetylcholine,IN09A042,IN09A042_L
10056,809847,19,15,DNg100,DNg100_R,acetylcholine,IN01A064,IN01A064_L
10056,905424,19,15,DNg100,DNg100_R,acetylcholine,IN01A035,IN01A035_L
10056,905529,19,16,DNg100,DNg100_R,acetylcholine,IN12B025,IN12B025_R
10056,1054499659,19,16,DNg100,DNg100_R,acetylcholine,IN12B011,IN12B011_R
10056,10103,18,14,DNg100,DNg100_R,acetylcholine,GNG104,GNG104_L
10056,10506,18,17,DNg100,DNg100_R,acetylcholine,DNg37,DNg37_R
10056,13062,18,15,DNg100,DNg100_R,acetylcholine,WED107,WED107_L
10056,13471,18,18,DNg100,DNg100_R,acetylcholine,ANXXX068,ANXXX068_R
10056,13812,18,14,DNg100,DNg100_R,acetylcholine,GNG133,GNG133_R
10056,26731,18,17,DNg100,DNg100_R,acetylcholine,WEDPN1A,WEDPN1A_L
10056,42626,18,16,DNg100,DNg100_R,acetylcholine,CB2751,CB2751_L
10056,800578,18,16,DNg100,DNg100_R,acetylcholine,Fe reductor MN,Fe reductor MN_L
10056,804966,18,15,DNg100,DNg100_R,acetylcholine,MNad10,MNad10_L
10056,807164,18,18,DNg100,DNg100_R,acetylcholine,IN05B074,IN05B074_L
10056,813539,18,15,DNg100,DNg100_R,acetylcholine,IN05B073,IN05B073_L
10056,905870,18,15,DNg100,DNg100_R,acetylcholine,IN11B001,IN11B001_L
10056,10891,17,14,DNg100,DNg100_R,acetylcholine,OLVC1,OLVC1_R
10056,14989,17,15,DNg100,DNg100_R,acetylcholine,DNge127,DNge127_L
10056,16238,17,15,DNg100,DNg100_R,acetylcholine,PLP196,PLP196_L
10056,84719,17,13,DNg100,DNg100_R,acetylcholine,CB4094,CB4094_L
10056,512118,17,16,DNg100,DNg100_R,acetylcholine,VES087,VES087_L
10056,800163,17,11,DNg100,DNg100_R,acetylcholine,IN19A002,IN19A002_L
10056,801736,17,16,DNg100,DNg100_R,acetylcholine,MNhl62,MNhl62_L
10056,802244,17,16,DNg100,DNg100_R,acetylcholine,ANXXX008,ANXXX008_R
10056,802470,17,14,DNg100,DNg100_R,acetylcholine,IN12B013,IN12B013_L
10056,802736,17,13,DNg100,DNg100_R,acetylcholine,IN14A010,IN14A010_R
10056,803946,17,14,DNg100,DNg100_R,acetylcholine,MNad10,MNad10_L
10056,805716,17,13,DNg100,DNg100_R,acetylcholine,IN12B079_c,IN12B079_c_R
10056,811879,17,13,DNg100,DNg100_R,acetylcholine,IN09A065,IN09A065_L
10056,906187,17,15,DNg100,DNg100_R,acetylcholine,IN01A038,IN01A038_L
10056,10648,16,15,DNg100,DNg100_R,acetylcholine,aMe_TBD1,aMe_TBD1_L
10056,10834,16,15,DNg100,DNg100_R,acetylcholine,DNpe013,DNpe013(PS168)_L
10056,13591,16,15,DNg100,DNg100_R,acetylcholine,LoVC17,LoVC17_L
10056,306404,16,13,DNg100,DNg100_R,acetylcholine,AN12B060,AN12B060_R
10056,801492,16,14,DNg100,DNg100_R,acetylcholine,Sternal posterior rotator MN,Sternal posterior rotator MN_L
10056,801631,16,14,DNg100,DNg100_R,acetylcholine,IN17A022,IN17A022_L
10056,806015,16,15,DNg100,DNg100_R,acetylcholine,IN12B025,IN12B025_R
10056,807775,16,12,DNg100,DNg100_R,acetylcholine,IN23B028,IN23B028_L
10056,808645,16,13,DNg100,DNg100_R,acetylcholine,INXXX391,INXXX391_L
10056,815288,16,14,DNg100,DNg100_R,acetylcholine,IN01A082,IN01A082_L
10056,853504,16,16,DNg100,DNg100_R,acetylcholine,"MNnm07,MNnm12","MNnm07,MNnm12_L"
10056,10177,15,11,DNg100,DNg100_R,acetylcholine,DNg16,DNg16_L
10056,10971,15,12,DNg100,DNg100_R,acetylcholine,DNa11,DNa11(VES008)_L
10056,12563,15,15,DNg100,DNg100_R,acetylcholine,GNG134,GNG134_L
10056,21942,15,12,DNg100,DNg100_R,acetylcholine,GNG567,GNG567_L
10056,514856,15,12,DNg100,DNg100_R,acetylcholine,VES050,VES050_L
10056,519900,15,14,DNg100,DNg100_R,acetylcholine,LoVC15,LoVC15_L
10056,800256,15,12,DNg100,DNg100_R,acetylcholine,IN08A002,IN08A002_L
10056,800265,15,13,DNg100,DNg100_R,acetylcholine,IN12B013,IN12B013_R
10056,801666,15,12,DNg100,DNg100_R,acetylcholine,IN21A007,IN21A007_L
10056,803079,15,11,DNg100,DNg100_R,acetylcholine,IN01B006,IN01B006_L
10056,804224,15,11,DNg100,DNg100_R,acetylcholine,IN14A018,IN14A018_R
10056,805869,15,13,DNg100,DNg100_R,acetylcholine,IN23B028,IN23B028_L
10056,806597,15,15,DNg100,DNg100_R,acetylcholine,IN14A018,IN14A018_R
10056,813452,15,13,DNg100,DNg100_R,acetylcholine,IN01A082,IN01A082_L
10056,902423,15,15,DNg100,DNg100_R,acetylcholine,IN01A025,IN01A025_R
10056,903604,15,12,DNg100,DNg100_R,acetylcholine,IN08A002,IN08A002_L
10056,909557,15,11,DNg100,DNg100_R,acetylcholine,IN09A064,IN09A064_L
10056,932854,15,14,DNg100,DNg100_R,acetylcholine,IN23B028,IN23B028_L
10056,935843,15,12,DNg100,DNg100_R,acetylcholine,IN08A016,IN08A016_L
10056,941298,15,14,DNg100,DNg100_R,acetylcholine,IN21A016,IN21A016_L
10056,13758,14,13,DNg100,DNg100_R,acetylcholine,AN06B040,AN06B040_L
10056,14406,14,13,DNg100,DNg100_R,acetylcholine,CB2465,CB2465_L
10056,33892,14,13,DNg100,DNg100_R,acetylcholine,AN03B011,AN03B011_L
10056,43003,14,11,DNg100,DNg100_R,acetylcholine,AN12B055,AN12B055_R
10056,79044,14,13,DNg100,DNg100_R,acetylcholine,AN17B012,AN17B012_L
10056,256420,14,13,DNg100,DNg100_R,acetylcholine,DNge050,DNge050_R
10056,513499,14,12,DNg100,DNg100_R,acetylcholine,GNG114,GNG114_L
10056,519715,14,13,DNg100,DNg100_R,acetylcholine,DNbe002,DNbe002_L
10056,800582,14,12,DNg100,DNg100_R,acetylcholine,INXXX032,INXXX032_L
10056,801434,14,14,DNg100,DNg100_R,acetylcholine,MNad19,MNad19_L
10056,803184,14,13,DNg100,DNg100_R,acetylcholine,INXXX083,INXXX083_L
10056,803287,14,11,DNg100,DNg100_R,acetylcholine,IN03B035,IN03B035_L
10056,804243,14,13,DNg100,DNg100_R,acetylcholine,IN23B028,IN23B028_L
10056,805780,14,13,DNg100,DNg100_R,acetylcholine,IN09A021,IN09A021_L
10056,805788,14,13,DNg100,DNg100_R,acetylcholine,IN05B066,IN05B066_L
10056,806564,14,14,DNg100,DNg100_R,acetylcholine,IN08B060,IN08B060_L
10056,806566,14,13,DNg100,DNg100_R,acetylcholine,IN14A017,IN14A017_R
10056,808947,14,13,DNg100,DNg100_R,acetylcholine,IN13A042,IN13A042_L
10056,810134,14,11,DNg100,DNg100_R,acetylcholine,IN08A027,IN08A027_L
10056,810646,14,10,DNg100,DNg100_R,acetylcholine,IN12B079_d,IN12B079_d_R
10056,810819,14,13,DNg100,DNg100_R,acetylcholine,IN09A064,IN09A064_L
10056,812171,14,12,DNg100,DNg100_R,acetylcholine,IN12B044_d,IN12B044_d_R
10056,813542,14,13,DNg100,DNg100_R,acetylcholine,IN12B044_e,IN12B044_e_R
10056,914246,14,13,DNg100,DNg100_R,acetylcholine,IN13B013,IN13B013_R
10056,1055278121,14,11,DNg100,DNg100_R,acetylcholine,AN12B011,AN12B011_R
10056,11746,13,10,DNg100,DNg100_R,acetylcholine,VES046,VES046_L
10056,11889,13,9,DNg100,DNg100_R,acetylcholine,DNge065,DNge065_L
10056,13133,13,13,DNg100,DNg100_R,acetylcholine,DNge088,DNge088_L
10056,22739,13,11,DNg100,DNg100_R,acetylcholine,IB031,IB031_L
10056,136800,13,11,DNg100,DNg100_R,acetylcholine,CB1268,CB1268_L
10056,230783,13,13,DNg100,DNg100_R,acetylcholine,DNg97,DNg97_R
10056,800076,13,12,DNg100,DNg100_R,acetylcholine,INXXX032,INXXX032_R
10056,800135,13,11,DNg100,DNg100_R,acetylcholine,IN08B001,IN08B001_L
10056,800183,13,12,DNg100,DNg100_R,acetylcholine,IN13A003,IN13A003_L
10056,801091,13,12,DNg100,DNg100_R,acetylcholine,IN21A002,IN21A002_L
10056,801646,13,11,DNg100,DNg100_R,acetylcholine,IN01A005,IN01A005_R
10056,801702,13,13,DNg100,DNg100_R,acetylcholine,IN11B001,IN11B001_L
10056,801780,13,12,DNg100,DNg100_R,acetylcholine,IN12B011,IN12B011_R
10056,802964,13,12,DNg100,DNg100_R,acetylcholine,Sternal posterior rotator MN,Sternal posterior rotator MN_L
10056,803901,13,11,DNg100,DNg100_R,acetylcholine,IN21A022,IN21A022_L
10056,804272,13,12,DNg100,DNg100_R,acetylcholine,IN03B035,IN03B035_L
10056,805925,13,13,DNg100,DNg100_R,acetylcholine,IN12B023,IN12B023_R
10056,806441,13,13,DNg100,DNg100_R,acetylcholine,IN12B048,IN12B048_R
10056,807543,13,9,DNg100,DNg100_R,acetylcholine,IN14A022,IN14A022_R
10056,809341,13,12,DNg100,DNg100_R,acetylcholine,IN12B042,IN12B042_R
10056,809524,13,12,DNg100,DNg100_R,acetylcholine,IN08A027,IN08A027_L
10056,940005,13,13,DNg100,DNg100_R,acetylcholine,IN12B048,IN12B048_R
10056,442999519,13,11,DNg100,DNg100_R,acetylcholine,AN12B055,AN12B055_R
10056,10301,12,11,DNg100,DNg100_R,acetylcholine,DNge050,DNge050_L
10056,11377,12,9,DNg100,DNg100_R,acetylcholine,GNG299,GNG299_M
10056,12319,12,10,DNg100,DNg100_R,acetylcholine,GNG088,GNG088_L
10056,12803,12,11,DNg100,DNg100_R,acetylcholine,CB0432,CB0432_L
10056,13585,12,11,DNg100,DNg100_R,acetylcholine,DNg34,DNg34_R
10056,14056,12,10,DNg100,DNg100_R,acetylcholine,PS048_b,PS048_b_L
10056,21360,12,12,DNg100,DNg100_R,acetylcholine,AN04B001,AN04B001_L
10056,32094,12,11,DNg100,DNg100_R,acetylcholine,AN17B011,AN17B011_R
10056,804540,12,11,DNg100,DNg100_R,acetylcholine,IN19A026,IN19A026_L
10056,805748,12,8,DNg100,DNg100_R,acetylcholine,IN08A024,IN08A024_L
10056,808593,12,10,DNg100,DNg100_R,acetylcholine,IN20A.22A016,IN20A.22A016_L
10056,810257,12,10,DNg100,DNg100_R,acetylcholine,IN08A049,IN08A049_L
10056,812489,12,12,DNg100,DNg100_R,acetylcholine,IN09A064,IN09A064_L
10056,812494,12,9,DNg100,DNg100_R,acetylcholine,IN12B064,IN12B064_R
10056,812825,12,10,DNg100,DNg100_R,acetylcholine,IN12B044_d,IN12B044_d_R
10056,906700,12,6,DNg100,DNg100_R,acetylcholine,IN01A082,IN01A082_L
10056,10127,11,8,DNg100,DNg100_R,acetylcholine,VES064,VES064_L
10056,10278,11,6,DNg100,DNg100_R,acetylcholine,5-HTPMPV03,5-HTPMPV03_L
10056,12189,11,8,DNg100,DNg100_R,acetylcholine,DNb08,DNb08(VES083)_L
10056,12845,11,11,DNg100,DNg100_R,acetylcholine,GNG133,GNG133_L
10056,12962,11,7,DNg100,DNg100_R,acetylcholine,GNG514,GNG514_L
10056,12976,11,10,DNg100,DNg100_R,acetylcholine,AN05B007,AN05B007_L
10056,13119,11,11,DNg100,DNg100_R,acetylcholine,VES025,VES025_L
10056,14375,11,9,DNg100,DNg100_R,acetylcholine,DNpe003,DNpe003(VES081)_L
10056,18424,11,9,DNg100,DNg100_R,acetylcholine,GNG194,GNG194_R
10056,22982,11,9,DNg100,DNg100_R,acetylcholine,PPM1202,PPM1202_L
10056,26689,11,9,DNg100,DNg100_R,acetylcholine,WEDPN1A,WEDPN1A_L
10056,42685,11,7,DNg100,DNg100_R,acetylcholine,AN12B055,AN12B055_R
10056,242405,11,9,DNg100,DNg100_R,acetylcholine,DNge046,DNge046_R
10056,519232,11,11,DNg100,DNg100_R,acetylcholine,VES050,VES050_L
10056,519896,11,7,DNg100,DNg100_R,acetylcholine,DNa06,DNa06(PS039)_L
10056,532751,11,9,DNg100,DNg100_R,acetylcholine,LAL204,LAL204_L
10056,578647,11,9,DNg100,DNg100_R,acetylcholine,VES089,VES089_L
10056,800059,11,10,DNg100,DNg100_R,acetylcholine,IN09A004,IN09A004_L
10056,800449,11,11,DNg100,DNg100_R,acetylcholine,IN01A010,IN01A010_R
10056,800570,11,10,DNg100,DNg100_R,acetylcholine,IN13B013,IN13B013_R
10056,801101,11,10,DNg100,DNg100_R,acetylcholine,IN01A012,IN01A012_R
10056,802193,11,11,DNg100,DNg100_R,acetylcholine,IN12B013,IN12B013_R
10056,803501,11,11,DNg100,DNg100_R,acetylcholine,IN19A014,IN19A014_L
10056,803650,11,8,DNg100,DNg100_R,acetylcholine,"IN21A023,IN21A024","IN21A023,IN21A024_L"
10056,804144,11,10,DNg100,DNg100_R,acetylcholine,IN17B017,IN17B017_L
10056,808308,11,10,DNg100,DNg100_R,acetylcholine,IN13A074,IN13A074_L
10056,809323,11,10,DNg100,DNg100_R,acetylcholine,IN08A044,IN08A044_L
10056,809683,11,10,DNg100,DNg100_R,acetylcholine,IN08B090,IN08B090_L
10056,820632,11,8,DNg100,DNg100_R,acetylcholine,MNml80,MNml80_L
10056,902825,11,10,DNg100,DNg100_R,acetylcholine,IN21A022,IN21A022_L
10056,10207,10,8,DNg100,DNg100_R,acetylcholine,PS124,PS124_L
10056,10910,10,9,DNg100,DNg100_R,acetylcholine,PPM1203,PPM1203_L
10056,10952,10,10,DNg100,DNg100_R,acetylcholine,DNge107,DNge107_L
10056,12407,10,10,DNg100,DNg100_R,acetylcholine,DNge136,DNge136_R
10056,14516,10,9,DNg100,DNg100_R,acetylcholine,GNG559,GNG559_L
10056,14973,10,9,DNg100,DNg100_R,acetylcholine,AN19A018,AN19A018(14113)_L
10056,15533,10,10,DNg100,DNg100_R,acetylcholine,AN17A050,AN17A050_L
10056,23361,10,8,DNg100,DNg100_R,acetylcholine,ANXXX191,ANXXX191_L
10056,46054,10,10,DNg100,DNg100_R,acetylcholine,GNG503,GNG503_L
10056,63004,10,8,DNg100,DNg100_R,acetylcholine,VES051,VES051_L
10056,121916,10,8,DNg100,DNg100_R,acetylcholine,CB1268,CB1268_L
10056,236146,10,8,DNg100,DNg100_R,acetylcholine,AN12B060,AN12B060_R
10056,515562,10,7,DNg100,DNg100_R,acetylcholine,CB1268,CB1268_L
10056,515859,10,9,DNg100,DNg100_R,acetylcholine,VES052,VES052_L
10056,520900,10,9,DNg100,DNg100_R,acetylcholine,CB2084,CB2084_L
10056,529571,10,7,DNg100,DNg100_R,acetylcholine,VES087,VES087_L
10056,555726,10,10,DNg100,DNg100_R,acetylcholine,DNa13,DNa13(LAL041)_L
10056,800259,10,8,DNg100,DNg100_R,acetylcholine,IN19A005,IN19A005_L
10056,800341,10,9,DNg100,DNg100_R,acetylcholine,IN18B016,IN18B016_L
10056,800489,10,7,DNg100,DNg100_R,acetylcholine,IN16B083,IN16B083_L
10056,800541,10,9,DNg100,DNg100_R,acetylcholine,Pleural remotor/abductor MN,Pleural remotor/abductor MN_L
10056,800561,10,8,DNg100,DNg100_R,acetylcholine,IN08A006,IN08A006_L
10056,802233,10,9,DNg100,DNg100_R,acetylcholine,IN03A012,IN03A012_L
10056,803144,10,8,DNg100,DNg100_R,acetylcholine,IN14A026,IN14A026_R
10056,803502,10,6,DNg100,DNg100_R,acetylcholine,IN01A028,IN01A028_L
10056,804619,10,10,DNg100,DNg100_R,acetylcholine,IN06B056,IN06B056_R
10056,805071,10,9,DNg100,DNg100_R,acetylcholine,"IN21A023,IN21A024","IN21A023,IN21A024_L"
10056,805287,10,7,DNg100,DNg100_R,acetylcholine,INXXX321,INXXX321_L
10056,809640,10,9,DNg100,DNg100_R,acetylcholine,IN16B095,IN16B095_L
10056,810739,10,9,DNg100,DNg100_R,acetylcholine,IN09A045,IN09A045_L
10056,811478,10,10,DNg100,DNg100_R,acetylcholine,IN09A042,IN09A042_L
10056,811829,10,9,DNg100,DNg100_R,acetylcholine,IN21A078,IN21A078_L
10056,813264,10,8,DNg100,DNg100_R,acetylcholine,EN00B008,EN00B008_M
10056,905068,10,8,DNg100,DNg100_R,acetylcholine,IN19A036,IN19A036_L
10056,10735,9,8,DNg100,DNg100_R,acetylcholine,LoVC18,"LoVC18(PLP030,PLP031)_L"
10056,10852,9,7,DNg100,DNg100_R,acetylcholine,LoVC18,"LoVC18(PLP030,PLP031)_L"
10056,10869,9,9,DNg100,DNg100_R,acetylcholine,OLVC2,OLVC2_R
10056,11078,9,5,DNg100,DNg100_R,acetylcholine,DNg96,DNg96_L
10056,12085,9,7,DNg100,DNg100_R,acetylcholine,DNge136,DNge136_L
10056,12762,9,8,DNg100,DNg100_R,acetylcholine,DNp41,DNp41(hb1344695030)_L
10056,14048,9,8,DNg100,DNg100_R,acetylcholine,DNg52,DNg52_L
10056,18141,9,7,DNg100,DNg100_R,acetylcholine,WEDPN1A,WEDPN1A_L
10056,33486,9,9,DNg100,DNg100_R,acetylcholine,,
10056,47726,9,9,DNg100,DNg100_R,acetylcholine,CL203,CL203_L
10056,97863,9,8,DNg100,DNg100_R,acetylcholine,IB076,IB076_L
10056,514310,9,6,DNg100,DNg100_R,acetylcholine,CB0297,CB0297_L
10056,518177,9,8,DNg100,DNg100_R,acetylcholine,DNp08,DNp08(PS271)_L
10056,521358,9,8,DNg100,DNg100_R,acetylcholine,SAD093,SAD093_L
10056,523037,9,7,DNg100,DNg100_R,acetylcholine,PS359,PS359_L
10056,523773,9,7,DNg100,DNg100_R,acetylcholine,DNg52,DNg52_L
10056,529602,9,5,DNg100,DNg100_R,acetylcholine,ALIN5,ALIN5_L
10056,529808,9,7,DNg100,DNg100_R,acetylcholine,LAL128,LAL128_L
10056,800144,9,9,DNg100,DNg100_R,acetylcholine,IN07B012,IN07B012_L
10056,800157,9,7,DNg100,DNg100_R,acetylcholine,IN19A004,IN19A004_L
10056,800608,9,6,DNg100,DNg100_R,acetylcholine,MNad19,MNad19_R
10056,801347,9,8,DNg100,DNg100_R,acetylcholine,INXXX008,INXXX008_R
10056,801548,9,8,DNg100,DNg100_R,acetylcholine,Sternal anterior rotator MN,Sternal anterior rotator MN_L
10056,801706,9,8,DNg100,DNg100_R,acetylcholine,IN01A005,IN01A005_R
10056,802134,9,8,DNg100,DNg100_R,acetylcholine,IN14B003,IN14B003_L
10056,802455,9,6,DNg100,DNg100_R,acetylcholine,INXXX008,INXXX008_R
10056,802669,9,7,DNg100,DNg100_R,acetylcholine,IN16B033,IN16B033_L
10056,803066,9,8,DNg100,DNg100_R,acetylcholine,IN08B054,IN08B054_L
10056,803142,9,6,DNg100,DNg100_R,acetylcholine,IN14A012,IN14A012_R
10056,803759,9,9,DNg100,DNg100_R,acetylcholine,"IN21A023,IN21A024","IN21A023,IN21A024_L"
10056,804364,9,7,DNg100,DNg100_R,acetylcholine,IN07B054,IN07B054_L
10056,805474,9,8,DNg100,DNg100_R,acetylcholine,IN03A060,IN03A060_L
10056,807231,9,9,DNg100,DNg100_R,acetylcholine,IN14A018,IN14A018_R
10056,811163,9,8,DNg100,DNg100_R,acetylcholine,AN12B060,AN12B060_R
10056,811481,9,9,DNg100,DNg100_R,acetylcholine,IN12B060,IN12B060_R
10056,811536,9,8,DNg100,DNg100_R,acetylcholine,IN12B044_c,IN12B044_c_R
10056,812926,9,8,DNg100,DNg100_R,acetylcholine,IN02A033,IN02A033_L
10056,821291,9,7,DNg100,DNg100_R,acetylcholine,Acc. tr flexor MN,Acc. tr flexor MN_L
10056,905223,9,9,DNg100,DNg100_R,acetylcholine,IN13A042,IN13A042_L
10056,926837,9,7,DNg100,DNg100_R,acetylcholine,"IN21A023,IN21A024","IN21A023,IN21A024_L"
10056,929612,9,5,DNg100,DNg100_R,acetylcholine,INXXX464,INXXX464_L
10056,392026170,9,8,DNg100,DNg100_R,acetylcholine,AN12B060,AN12B060_R
10056,10717,8,4,DNg100,DNg100_R,acetylcholine,DNg93,DNg93_R
10056,11711,8,5,DNg100,DNg100_R,acetylcholine,GNG006,GNG006_M
10056,11790,8,8,DNg100,DNg100_R,acetylcholine,CB0397,CB0397_L
10056,11877,8,7,DNg100,DNg100_R,acetylcholine,PLP032,PLP032_L
10056,12238,8,7,DNg100,DNg100_R,acetylcholine,DNg32,DNg32_L
10056,12514,8,8,DNg100,DNg100_R,acetylcholine,SAD076,SAD076_L
10056,13219,8,6,DNg100,DNg100_R,acetylcholine,LAL170,LAL170_L
10056,14438,8,7,DNg100,DNg100_R,acetylcholine,LAL304m,LAL304m_L
10056,19962,8,8,DNg100,DNg100_R,acetylcholine,DNge181,DNge181_L
10056,20227,8,6,DNg100,DNg100_R,acetylcholine,ANXXX005,ANXXX005_R
10056,20525,8,6,DNg100,DNg100_R,acetylcholine,AN07B013,AN07B013_L
10056,20593,8,5,DNg100,DNg100_R,acetylcholine,PS055,PS055_L
10056,25240,8,7,DNg100,DNg100_R,acetylcholine,PLP025,PLP025_L
10056,28957,8,7,DNg100,DNg100_R,acetylcholine,PLP025,PLP025_L
10056,29630,8,7,DNg100,DNg100_R,acetylcholine,PLP025,PLP025_L
10056,41961,8,7,DNg100,DNg100_R,acetylcholine,VES052,VES052_L
10056,44216,8,7,DNg100,DNg100_R,acetylcholine,GNG094,GNG094_L
10056,45255,8,4,DNg100,DNg100_R,acetylcholine,CB2985,CB2985_L
10056,86108,8,8,DNg100,DNg100_R,acetylcholine,CB1980,CB1980_L
10056,216034,8,6,DNg100,DNg100_R,acetylcholine,CB2081_a,CB2081_a_L
10056,513100,8,6,DNg100,DNg100_R,acetylcholine,PS146,PS146_L
10056,518251,8,7,DNg100,DNg100_R,acetylcholine,,
10056,519228,8,7,DNg100,DNg100_R,acetylcholine,DNae005,DNae005(VES009)_L
10056,529459,8,8,DNg100,DNg100_R,acetylcholine,CB2869,CB2869_L
10056,531557,8,8,DNg100,DNg100_R,acetylcholine,LAL001,LAL001_L
10056,532438,8,7,DNg100,DNg100_R,acetylcholine,PLP025,PLP025_L
10056,800314,8,7,DNg100,DNg100_R,acetylcholine,IN03B020,IN03B020_L
10056,800494,8,8,DNg100,DNg100_R,acetylcholine,IN19A007,IN19A007_L
10056,800621,8,8,DNg100,DNg100_R,acetylcholine,Ti extensor MN,Ti extensor MN_L
10056,801228,8,6,DNg100,DNg100_R,acetylcholine,IN13A008,IN13A008_L
10056,801590,8,7,DNg100,DNg100_R,acetylcholine,IN12A015,IN12A015_L
10056,801819,8,7,DNg100,DNg100_R,acetylcholine,IN03A031,IN03A031_L
10056,802480,8,7,DNg100,DNg100_R,acetylcholine,"IN21A023,IN21A024","IN21A023,IN21A024_L"
10056,803355,8,8,DNg100,DNg100_R,acetylcholine,IN08B060,IN08B060_L
10056,808179,8,6,DNg100,DNg100_R,acetylcholine,IN20A.22A045,IN20A.22A045_L
10056,808219,8,6,DNg100,DNg100_R,acetylcholine,IN16B083,IN16B083_L
10056,809329,8,7,DNg100,DNg100_R,acetylcholine,IN09A076,IN09A076_L
10056,813926,8,5,DNg100,DNg100_R,acetylcholine,IN09A045,IN09A045_L
10056,822331,8,8,DNg100,DNg100_R,acetylcholine,IN01A082,IN01A082_L
10056,902433,8,6,DNg100,DNg100_R,acetylcholine,IN20A.22A039,IN20A.22A039_L
10056,902736,8,8,DNg100,DNg100_R,acetylcholine,IN21A037,IN21A037_L
10056,904831,8,6,DNg100,DNg100_R,acetylcholine,IN01A030,IN01A030_R
10056,905118,8,7,DNg100,DNg100_R,acetylcholine,IN16B042,IN16B042_L
10056,906518,8,8,DNg100,DNg100_R,acetylcholine,IN12B048,IN12B048_R
10056,908854,8,7,DNg100,DNg100_R,acetylcholine,IN08B063,IN08B063_L
10056,923170,8,5,DNg100,DNg100_R,acetylcholine,IN09A049,IN09A049_L
10056,929704,8,7,DNg100,DNg100_R,acetylcholine,IN01A011,IN01A011_R
10056,934635,8,7,DNg100,DNg100_R,acetylcholine,IN09A042,IN09A042_L
10056,10221,7,5,DNg100,DNg100_R,acetylcholine,DNge037,DNge037_L
10056,10243,7,7,DNg100,DNg100_R,acetylcholine,VES104,VES104_L
10056,10291,7,6,DNg100,DNg100_R,acetylcholine,AN06B007,AN06B007_R
10056,10416,7,7,DNg100,DNg100_R,acetylcholine,DNde002,DNde002(VES029)_L
10056,10442,7,7,DNg100,DNg100_R,acetylcholine,DNa01,DNa01(VES006)_L
10056,10662,7,7,DNg100,DNg100_R,acetylcholine,DNge003,DNge003_L
10056,10760,7,6,DNg100,DNg100_R,acetylcholine,DNa01,DNa01(VES006)_R
10056,11214,7,4,DNg100,DNg100_R,acetylcholine,LoVC22,LoVC22_L
10056,12266,7,7,DNg100,DNg100_R,acetylcholine,DNg43,DNg43_R
10056,14067,7,6,DNg100,DNg100_R,acetylcholine,DNpe003,DNpe003(VES081)_L
10056,14548,7,7,DNg100,DNg100_R,acetylcholine,GNG154,GNG154_L
10056,30561,7,5,DNg100,DNg100_R,acetylcholine,PS148,PS148_L
10056,35372,7,6,DNg100,DNg100_R,acetylcholine,IB076,IB076_L
10056,40877,7,6,DNg100,DNg100_R,acetylcholine,ANXXX005,ANXXX005_L
10056,48752,7,5,DNg100,DNg100_R,acetylcholine,PS176,PS176_L
10056,247786,7,7,DNg100,DNg100_R,acetylcholine,AN01B011,AN01B011_L
10056,512716,7,7,DNg100,DNg100_R,acetylcholine,FB6M,FB6M_L
10056,521374,7,7,DNg100,DNg100_R,acetylcholine,PS098,PS098_R
10056,521650,7,5,DNg100,DNg100_R,acetylcholine,AOTU033,AOTU033_L
10056,800374,7,7,DNg100,DNg100_R,acetylcholine,IN19A007,IN19A007_L
10056,800407,7,6,DNg100,DNg100_R,acetylcholine,IN18B016,IN18B016_L
10056,801014,7,7,DNg100,DNg100_R,acetylcholine,IN06B008,IN06B008_R
10056,801285,7,7,DNg100,DNg100_R,acetylcholine,IN12B013,IN12B013_L
10056,801882,7,5,DNg100,DNg100_R,acetylcholine,IN01A015,IN01A015_L
10056,801961,7,7,DNg100,DNg100_R,acetylcholine,IN17A022,IN17A022_L
10056,802197,7,6,DNg100,DNg100_R,acetylcholine,IN21A020,IN21A020_L
10056,802311,7,5,DNg100,DNg100_R,acetylcholine,IN14A006,IN14A006_R
10056,802836,7,7,DNg100,DNg100_R,acetylcholine,IN14A014,IN14A014_R
10056,804173,7,7,DNg100,DNg100_R,acetylcholine,MNad10,MNad10_R
10056,804293,7,5,DNg100,DNg100_R,acetylcholine,IN03A040,IN03A040_L
10056,805130,7,7,DNg100,DNg100_R,acetylcholine,INXXX321,INXXX321_L
10056,807676,7,5,DNg100,DNg100_R,acetylcholine,IN11B001,IN11B001_L
10056,808742,7,6,DNg100,DNg100_R,acetylcholine,IN12B048,IN12B048_R
10056,809066,7,7,DNg100,DNg100_R,acetylcholine,IN13A042,IN13A042_L
10056,810639,7,6,DNg100,DNg100_R,acetylcholine,Tr flexor MN,Tr flexor MN_L
10056,811564,7,7,DNg100,DNg100_R,acetylcholine,IN04B098,IN04B098_L
10056,817067,7,7,DNg100,DNg100_R,acetylcholine,IN01A071,IN01A071_L
10056,903758,7,6,DNg100,DNg100_R,acetylcholine,IN16B115,IN16B115_L
10056,905000,7,7,DNg100,DNg100_R,acetylcholine,IN08A007,IN08A007_L
10056,906275,7,6,DNg100,DNg100_R,acetylcholine,IN13A063,IN13A063_L
10056,10088,6,5,DNg100,DNg100_R,acetylcholine,MeVC1,MeVC1_R
10056,10090,6,5,DNg100,DNg100_R,acetylcholine,aSP22,aSP22(DNa12)_L
10056,10110,6,4,DNg100,DNg100_R,acetylcholine,OA-VUMa1,OA-VUMa1_M
10056,10444,6,4,DNg100,DNg100_R,acetylcholine,DNge035,DNge035_L
10056,10577,6,6,DNg100,DNg100_R,acetylcholine,DNg96,DNg96_R
10056,10725,6,6,DNg100,DNg100_R,acetylcholine,LAL047,LAL047_L
10056,12000,6,5,DNg100,DNg100_R,acetylcholine,DNge099,DNge099_L
10056,12214,6,5,DNg100,DNg100_R,acetylcholine,DNg109,DNg109_R
10056,12225,6,6,DNg100,DNg100_R,acetylcholine,LoVC15,LoVC15_L
10056,12550,6,5,DNg100,DNg100_R,acetylcholine,DNb08,DNb08(VES082)_L
10056,12750,6,3,DNg100,DNg100_R,acetylcholine,DNge136,DNge136_R
10056,13943,6,6,DNg100,DNg100_R,acetylcholine,GNG501,GNG501_L
10056,15502,6,5,DNg100,DNg100_R,acetylcholine,DNp41,DNp41(hb1344695030)_L
10056,15696,6,5,DNg100,DNg100_R,acetylcholine,GNG554,GNG554_L
10056,18156,6,5,DNg100,DNg100_R,acetylcholine,ExR2,ExR2_L
10056,19118,6,5,DNg100,DNg100_R,acetylcholine,ATL016,ATL016_L
10056,19285,6,6,DNg100,DNg100_R,acetylcholine,LoVC17,LoVC17_L
10056,19720,6,4,DNg100,DNg100_R,acetylcholine,LAL186,LAL186_L
10056,21973,6,6,DNg100,DNg100_R,acetylcholine,IB031,IB031_L
10056,21991,6,5,DNg100,DNg100_R,acetylcholine,PS161,PS161_L
10056,26755,6,5,DNg100,DNg100_R,acetylcholine,PLP025,PLP025_L
10056,34462,6,5,DNg100,DNg100_R,acetylcholine,AN06B044,AN06B044_L
10056,36642,6,5,DNg100,DNg100_R,acetylcholine,WED033,WED033_L
10056,38372,6,6,DNg100,DNg100_R,acetylcholine,VES025,VES025_R
10056,45284,6,5,DNg100,DNg100_R,acetylcholine,CB2084,CB2084_L
10056,126358,6,6,DNg100,DNg100_R,acetylcholine,CB2869,CB2869_L
10056,512192,6,6,DNg100,DNg100_R,acetylcholine,VES099,VES099_L
10056,512717,6,6,DNg100,DNg100_R,acetylcholine,FB6M,FB6M_L
10056,512861,6,4,DNg100,DNg100_R,acetylcholine,GNG527,GNG527_L
10056,515809,6,5,DNg100,DNg100_R,acetylcholine,PLP010,PLP010_L
10056,529498,6,6,DNg100,DNg100_R,acetylcholine,CB0625,CB0625_R
10056,800082,6,5,DNg100,DNg100_R,acetylcholine,IN19A011,IN19A011_L
10056,800233,6,5,DNg100,DNg100_R,acetylcholine,IN19A007,IN19A007_L
10056,800342,6,6,DNg100,DNg100_R,acetylcholine,IN05B008,IN05B008_L
10056,800426,6,6,DNg100,DNg100_R,acetylcholine,IN07B006,IN07B006_L
10056,800675,6,3,DNg100,DNg100_R,acetylcholine,IN21A003,IN21A003_L
10056,801316,6,5,DNg100,DNg100_R,acetylcholine,IN21A001,IN21A001_L
10056,801739,6,5,DNg100,DNg100_R,acetylcholine,IN03A020,IN03A020_L
10056,801755,6,5,DNg100,DNg100_R,acetylcholine,IN00A002,IN00A002_M
10056,802283,6,6,DNg100,DNg100_R,acetylcholine,IN16B033,IN16B033_L
10056,803391,6,6,DNg100,DNg100_R,acetylcholine,IN03A018,IN03A018_L
10056,803603,6,5,DNg100,DNg100_R,acetylcholine,IN03A062_c,IN03A062_c_L
10056,803691,6,5,DNg100,DNg100_R,acetylcholine,"IN21A023,IN21A024","IN21A023,IN21A024_L"
10056,803925,6,5,DNg100,DNg100_R,acetylcholine,IN20A.22A017,IN20A.22A017_L
10056,804382,6,5,DNg100,DNg100_R,acetylcholine,INXXX269,INXXX269_L
10056,804851,6,5,DNg100,DNg100_R,acetylcholine,Sternal posterior rotator MN,Sternal posterior rotator MN_L
10056,806037,6,4,DNg100,DNg100_R,acetylcholine,MNad06,MNad06_R
10056,806387,6,6,DNg100,DNg100_R,acetylcholine,IN12B040,IN12B040_R
10056,806521,6,4,DNg100,DNg100_R,acetylcholine,IN08B063,IN08B063_L
10056,806723,6,6,DNg100,DNg100_R,acetylcholine,IN20A.22A019,IN20A.22A019_L
10056,807165,6,6,DNg100,DNg100_R,acetylcholine,Ti flexor MN,Ti flexor MN_L
10056,807764,6,6,DNg100,DNg100_R,acetylcholine,IN21A037,IN21A037_L
10056,808224,6,5,DNg100,DNg100_R,acetylcholine,IN13A036,IN13A036_L
10056,808292,6,5,DNg100,DNg100_R,acetylcholine,IN13A059,IN13A059_L
10056,809716,6,6,DNg100,DNg100_R,acetylcholine,IN16B105,IN16B105_L
10056,811232,6,4,DNg100,DNg100_R,acetylcholine,IN04B098,IN04B098_L
10056,815786,6,5,DNg100,DNg100_R,acetylcholine,IN01A082,IN01A082_L
10056,819384,6,4,DNg100,DNg100_R,acetylcholine,Ti flexor MN,Ti flexor MN_L
10056,819875,6,5,DNg100,DNg100_R,acetylcholine,IN19A102,IN19A102_L
10056,902860,6,4,DNg100,DNg100_R,acetylcholine,IN13A027,IN13A027_L
10056,904634,6,4,DNg100,DNg100_R,acetylcholine,IN13B013,IN13B013_R
10056,10616,5,5,DNg100,DNg100_R,acetylcholine,OLVC3,OLVC3_R
10056,10935,5,4,DNg100,DNg100_R,acetylcholine,GNG011,GNG011_L
10056,10947,5,5,DNg100,DNg100_R,acetylcholine,CB0090,CB0090_L
10056,11074,5,3,DNg100,DNg100_R,acetylcholine,DNg13,DNg13_L
10056,11160,5,4,DNg100,DNg100_R,acetylcholine,DNd02,DNd02(SAD039)_L
10056,13327,5,5,DNg100,DNg100_R,acetylcholine,VES005,VES005_R
10056,13805,5,5,DNg100,DNg100_R,acetylcholine,DNg97,DNg97_L
10056,14484,5,5,DNg100,DNg100_R,acetylcholine,AN06B040,AN06B040_R
10056,17465,5,3,DNg100,DNg100_R,acetylcholine,LPT114,LPT114_L
10056,18952,5,5,DNg100,DNg100_R,acetylcholine,WED030_b,WED030_b_L
10056,22115,5,4,DNg100,DNg100_R,acetylcholine,AN08B050,AN08B050_R
10056,24451,5,4,DNg100,DNg100_R,acetylcholine,AN07B013,AN07B013_L
10056,26547,5,5,DNg100,DNg100_R,acetylcholine,LC37,LC37_L
10056,32562,5,3,DNg100,DNg100_R,acetylcholine,PS240,PS240(PS264)_L
10056,32608,5,4,DNg100,DNg100_R,acetylcholine,AN19B044,AN19B044_L
10056,36691,5,5,DNg100,DNg100_R,acetylcholine,ANXXX130,ANXXX130_R
10056,38926,5,5,DNg100,DNg100_R,acetylcholine,ANXXX130,ANXXX130_L
10056,93833,5,4,DNg100,DNg100_R,acetylcholine,AN08B096,AN08B096_L
10056,226581,5,3,DNg100,DNg100_R,acetylcholine,AN12B076,AN12B076_R
10056,513057,5,2,DNg100,DNg100_R,acetylcholine,DNge046,DNge046_L
10056,515678,5,5,DNg100,DNg100_R,acetylcholine,CB4143,CB4143_R
10056,516502,5,5,DNg100,DNg100_R,acetylcholine,PS183,PS183_L
10056,520222,5,5,DNg100,DNg100_R,acetylcholine,CB1958,CB1958_L
10056,520662,5,4,DNg100,DNg100_R,acetylcholine,PS327,PS327(hb2090076660)_L
10056,529568,5,4,DNg100,DNg100_R,acetylcholine,DNp39,DNp39(PS297)_L
10056,531137,5,5,DNg100,DNg100_R,acetylcholine,PS146,PS146_L
10056,537839,5,5,DNg100,DNg100_R,acetylcholine,WED146_b,WED146_b_L
10056,800113,5,5,DNg100,DNg100_R,acetylcholine,IN05B094,IN05B094_R
10056,800480,5,5,DNg100,DNg100_R,acetylcholine,IN21A014,IN21A014_L
10056,800720,5,4,DNg100,DNg100_R,acetylcholine,IN13B105,IN13B105_R
10056,801193,5,5,DNg100,DNg100_R,acetylcholine,IN21A016,IN21A016_L
10056,801474,5,5,DNg100,DNg100_R,acetylcholine,IN03A005,IN03A005_L
10056,801768,5,3,DNg100,DNg100_R,acetylcholine,Sternal posterior rotator MN,Sternal posterior rotator MN_L
10056,802667,5,5,DNg100,DNg100_R,acetylcholine,INXXX126,INXXX126_L
10056,803342,5,3,DNg100,DNg100_R,acetylcholine,MNad11,MNad11_L
10056,803353,5,5,DNg100,DNg100_R,acetylcholine,INXXX228,INXXX228_L
10056,803705,5,5,DNg100,DNg100_R,acetylcholine,IN11A003,IN11A003_L
10056,804783,5,5,DNg100,DNg100_R,acetylcholine,IN18B042,IN18B042_L
10056,804790,5,5,DNg100,DNg100_R,acetylcholine,IN02A015,IN02A015_R
10056,805058,5,4,DNg100,DNg100_R,acetylcholine,IN03A062_d,IN03A062_d_L
10056,805477,5,5,DNg100,DNg100_R,acetylcholine,Tr extensor MN,Tr extensor MN_L
10056,805516,5,5,DNg100,DNg100_R,acetylcholine,IN08B075,IN08B075_L
10056,805749,5,5,DNg100,DNg100_R,acetylcholine,INXXX321,INXXX321_L
10056,805810,5,5,DNg100,DNg100_R,acetylcholine,IN04B060,IN04B060_L
10056,805965,5,5,DNg100,DNg100_R,acetylcholine,IN04B076,IN04B076_L
10056,807349,5,5,DNg100,DNg100_R,acetylcholine,IN08A031,IN08A031_L
10056,807499,5,4,DNg100,DNg100_R,acetylcholine,IN12B044_b,IN12B044_b_R
10056,807743,5,4,DNg100,DNg100_R,acetylcholine,IN08A024,IN08A024_L
10056,808438,5,5,DNg100,DNg100_R,acetylcholine,IN07B066,IN07B066_L
10056,808806,5,4,DNg100,DNg100_R,acetylcholine,IN20A.22A045,IN20A.22A045_L
10056,809218,5,4,DNg100,DNg100_R,acetylcholine,IN20A.22A045,IN20A.22A045_L
10056,812912,5,4,DNg100,DNg100_R,acetylcholine,IN09A076,IN09A076_L
10056,813540,5,5,DNg100,DNg100_R,acetylcholine,IN20A.22A022,IN20A.22A022_L
10056,814632,5,5,DNg100,DNg100_R,acetylcholine,IN21A042,IN21A042_L
10056,818838,5,4,DNg100,DNg100_R,acetylcholine,IN19A108,IN19A108_L
10056,822189,5,4,DNg100,DNg100_R,acetylcholine,IN09A045,IN09A045_L
10056,828978,5,5,DNg100,DNg100_R,acetylcholine,Sternotrochanter MN,Sternotrochanter MN_L
10056,903073,5,4,DNg100,DNg100_R,acetylcholine,IN21A014,IN21A014_L
10056,903613,5,4,DNg100,DNg100_R,acetylcholine,IN01A011,IN01A011_R
10056,905078,5,5,DNg100,DNg100_R,acetylcholine,IN21A012,IN21A012_L
10056,907422,5,5,DNg100,DNg100_R,acetylcholine,MNml78,MNml78_L
10056,909831,5,5,DNg100,DNg100_R,acetylcholine,Ti flexor MN,Ti flexor MN_L
10056,910773,5,5,DNg100,DNg100_R,acetylcholine,IN12B079_b,IN12B079_b_R
10056,914339,5,2,DNg100,DNg100_R,acetylcholine,"IN19A095,IN19A127","IN19A095,IN19A127_L"
10056,927808,5,5,DNg100,DNg100_R,acetylcholine,Ti flexor MN,Ti flexor MN_L
10056,940435,5,5,DNg100,DNg100_R,acetylcholine,,
10056,1050239701,5,4,DNg100,DNg100_R,acetylcholine,Acc. tr flexor MN,Acc. tr flexor MN_L
10056,10163,4,3,DNg100,DNg100_R,acetylcholine,DNge036,DNge036_L
10056,10365,4,4,DNg100,DNg100_R,acetylcholine,GNG114,GNG114_R
10056,10858,4,4,DNg100,DNg100_R,acetylcholine,GNG666,GNG666_L
10056,11363,4,3,DNg100,DNg100_R,acetylcholine,VES045,VES045_R
10056,12025,4,4,DNg100,DNg100_R,acetylcholine,PS172,PS172_R
10056,12044,4,4,DNg100,DNg100_R,acetylcholine,DNb08,DNb08(VES082)_R
10056,12565,4,4,DNg100,DNg100_R,acetylcholine,VES018,VES018_L
10056,12581,4,4,DNg100,DNg100_R,acetylcholine,DNge069,DNge069_L
10056,13268,4,3,DNg100,DNg100_R,acetylcholine,DNg52,DNg52_R
10056,14086,4,3,DNg100,DNg100_R,acetylcholine,GNG548,GNG548_L
10056,15105,4,2,DNg100,DNg100_R,acetylcholine,DNg55,DNg55_M
10056,15146,4,4,DNg100,DNg100_R,acetylcholine,GNG052,GNG052_L
10056,17060,4,2,DNg100,DNg100_R,acetylcholine,CB0630,CB0630_L
10056,18762,4,2,DNg100,DNg100_R,acetylcholine,VES107,VES107_L
10056,19369,4,3,DNg100,DNg100_R,acetylcholine,AOTU046,AOTU046_L
10056,21296,4,3,DNg100,DNg100_R,acetylcholine,AN04B023,AN04B023(19982)_L
10056,21533,4,4,DNg100,DNg100_R,acetylcholine,AN10B008,AN10B008_L
10056,23860,4,4,DNg100,DNg100_R,acetylcholine,,
10056,24788,4,3,DNg100,DNg100_R,acetylcholine,CL117,CL117_L
10056,24857,4,4,DNg100,DNg100_R,acetylcholine,GNG092,GNG092_L
10056,26607,4,3,DNg100,DNg100_R,acetylcholine,PS077,PS077_L
10056,26680,4,4,DNg100,DNg100_R,acetylcholine,AN07B005,AN07B005_L
10056,27475,4,3,DNg100,DNg100_R,acetylcholine,AN17B011,AN17B011_L
10056,27944,4,4,DNg100,DNg100_R,acetylcholine,CB4072,CB4072_L
10056,28523,4,3,DNg100,DNg100_R,acetylcholine,PS252,PS252_L
10056,30508,4,3,DNg100,DNg100_R,acetylcholine,WED024,WED024_L
10056,31334,4,3,DNg100,DNg100_R,acetylcholine,AN08B009,AN08B009_L
10056,32609,4,4,DNg100,DNg100_R,acetylcholine,WED030_a,WED030_a_L
10056,33056,4,2,DNg100,DNg100_R,acetylcholine,PLP025,PLP025_L
10056,40300,4,4,DNg100,DNg100_R,acetylcholine,AVLP462,AVLP462_L
10056,41218,4,3,DNg100,DNg100_R,acetylcholine,WED042,WED042_L
10056,45031,4,4,DNg100,DNg100_R,acetylcholine,SAD007,SAD007_L
10056,52468,4,3,DNg100,DNg100_R,acetylcholine,WEDPN8D,WEDPN8D_L
10056,53190,4,3,DNg100,DNg100_R,acetylcholine,PS077,PS077_L
10056,63701,4,3,DNg100,DNg100_R,acetylcholine,DNd02,DNd02(SAD039)_R
10056,65466,4,3,DNg100,DNg100_R,acetylcholine,PS240,PS240(PS264)_L
10056,72303,4,4,DNg100,DNg100_R,acetylcholine,GNG663,GNG663_L
10056,83661,4,4,DNg100,DNg100_R,acetylcholine,DNge046,DNge046_R
10056,104960,4,2,DNg100,DNg100_R,acetylcholine,CB3089,CB3089_L
10056,148063,4,3,DNg100,DNg100_R,acetylcholine,AN12B060,AN12B060_R
10056,513434,4,4,DNg100,DNg100_R,acetylcholine,IB092,IB092_L
10056,513473,4,4,DNg100,DNg100_R,acetylcholine,GNG581,GNG581_L
10056,513711,4,4,DNg100,DNg100_R,acetylcholine,DNa09,DNa09_L
10056,514013,4,4,DNg100,DNg100_R,acetylcholine,LPT114,LPT114_L
10056,515357,4,4,DNg100,DNg100_R,acetylcholine,CB1072,CB1072_L
10056,517861,4,4,DNg100,DNg100_R,acetylcholine,GNG041,GNG041_R
10056,519230,4,4,DNg100,DNg100_R,acetylcholine,LAL045,LAL045_L
10056,519567,4,3,DNg100,DNg100_R,acetylcholine,GNG104,GNG104_R
10056,519877,4,3,DNg100,DNg100_R,acetylcholine,VES007,VES007_L
10056,520884,4,2,DNg100,DNg100_R,acetylcholine,GNG458,GNG458_L
10056,522353,4,3,DNg100,DNg100_R,acetylcholine,SAD116,SAD116_L
10056,525595,4,3,DNg100,DNg100_R,acetylcholine,DNg52,DNg52_R
10056,531094,4,4,DNg100,DNg100_R,acetylcholine,CB1983,CB1983_L
10056,555256,4,4,DNg100,DNg100_R,acetylcholine,GNG017,GNG017_L
10056,555270,4,4,DNg100,DNg100_R,acetylcholine,GNG017,GNG017_R
10056,555824,4,3,DNg100,DNg100_R,acetylcholine,GNG013,GNG013_L
10056,556681,4,4,DNg100,DNg100_R,acetylcholine,AMMC015,AMMC015_L
10056,558897,4,2,DNg100,DNg100_R,acetylcholine,GNG584,GNG584_L
10056,800075,4,2,DNg100,DNg100_R,acetylcholine,IN19B003,IN19B003_R
10056,800081,4,3,DNg100,DNg100_R,acetylcholine,IN08A002,IN08A002_L
10056,800099,4,3,DNg100,DNg100_R,acetylcholine,DNge079,DNge079_L
10056,800254,4,3,DNg100,DNg100_R,acetylcholine,IN06B008,IN06B008_L
10056,800271,4,3,DNg100,DNg100_R,acetylcholine,IN07B007,IN07B007_L
10056,800428,4,3,DNg100,DNg100_R,acetylcholine,IN13A002,IN13A002_L
10056,800750,4,3,DNg100,DNg100_R,acetylcholine,IN19A032,IN19A032_L
10056,801017,4,3,DNg100,DNg100_R,acetylcholine,IN21A002,IN21A002_L
10056,801134,4,4,DNg100,DNg100_R,acetylcholine,IN14A007,IN14A007_R
10056,801166,4,1,DNg100,DNg100_R,acetylcholine,IN21A009,IN21A009_L
10056,801195,4,4,DNg100,DNg100_R,acetylcholine,IN21A020,IN21A020_L
10056,801204,4,4,DNg100,DNg100_R,acetylcholine,AN06B089,AN06B089_R
10056,801483,4,2,DNg100,DNg100_R,acetylcholine,IN03A031,IN03A031_L
10056,801499,4,3,DNg100,DNg100_R,acetylcholine,IN17A094,IN17A094_L
10056,802009,4,2,DNg100,DNg100_R,acetylcholine,IN21A012,IN21A012_L
10056,802062,4,3,DNg100,DNg100_R,acetylcholine,IN12A003,IN12A003_L
10056,802346,4,4,DNg100,DNg100_R,acetylcholine,IN09A089,IN09A089_L
10056,802382,4,4,DNg100,DNg100_R,acetylcholine,IN04B013,IN04B013_L
10056,802464,4,1,DNg100,DNg100_R,acetylcholine,IN12B079_c,IN12B079_c_R
10056,802689,4,4,DNg100,DNg100_R,acetylcholine,IN03A020,IN03A020_L
10056,803143,4,3,DNg100,DNg100_R,acetylcholine,IN03A040,IN03A040_L
10056,803442,4,2,DNg100,DNg100_R,acetylcholine,IN04B009,IN04B009_L
10056,803463,4,3,DNg100,DNg100_R,acetylcholine,IN00A027,IN00A027_M
10056,803561,4,2,DNg100,DNg100_R,acetylcholine,IN13B022,IN13B022_R
10056,803912,4,4,DNg100,DNg100_R,acetylcholine,MNad10,MNad10_R
10056,803979,4,4,DNg100,DNg100_R,acetylcholine,IN17B008,IN17B008_L
10056,804026,4,4,DNg100,DNg100_R,acetylcholine,IN03A031,IN03A031_L
10056,804098,4,3,DNg100,DNg100_R,acetylcholine,IN03B042,IN03B042_L
10056,804312,4,3,DNg100,DNg100_R,acetylcholine,IN20A.22A021,IN20A.22A021_L
10056,804465,4,4,DNg100,DNg100_R,acetylcholine,Tergotr. MN,Tergotr. MN_L
10056,804701,4,4,DNg100,DNg100_R,acetylcholine,IN16B039,IN16B039_L
10056,805087,4,3,DNg100,DNg100_R,acetylcholine,IN12A027,IN12A027_L
10056,805107,4,4,DNg100,DNg100_R,acetylcholine,MNad10,MNad10_R
10056,805556,4,4,DNg100,DNg100_R,acetylcholine,IN13B035,IN13B035_R
10056,805776,4,4,DNg100,DNg100_R,acetylcholine,MNad06,MNad06_L
10056,806370,4,4,DNg100,DNg100_R,acetylcholine,IN01A038,IN01A038_L
10056,806710,4,3,DNg100,DNg100_R,acetylcholine,IN18B045_c,IN18B045_c_L
10056,806743,4,3,DNg100,DNg100_R,acetylcholine,IN04B076,IN04B076_L
10056,806887,4,4,DNg100,DNg100_R,acetylcholine,IN21A042,IN21A042_L
10056,807498,4,4,DNg100,DNg100_R,acetylcholine,IN20A.22A039,IN20A.22A039_L
10056,808047,4,2,DNg100,DNg100_R,acetylcholine,IN14A028,IN14A028_R
10056,808177,4,4,DNg100,DNg100_R,acetylcholine,IN06B072,IN06B072_L
10056,809481,4,4,DNg100,DNg100_R,acetylcholine,IN08A039,IN08A039_L
10056,810506,4,3,DNg100,DNg100_R,acetylcholine,IN01A073,IN01A073_L
10056,810731,4,4,DNg100,DNg100_R,acetylcholine,IN01A071,IN01A071_R
10056,810803,4,4,DNg100,DNg100_R,acetylcholine,,
10056,811109,4,4,DNg100,DNg100_R,acetylcholine,IN17A094,IN17A094_L
10056,812668,4,3,DNg100,DNg100_R,acetylcholine,IN20A.22A026,IN20A.22A026_L
10056,813444,4,2,DNg100,DNg100_R,acetylcholine,IN21A037,IN21A037_L
10056,813717,4,3,DNg100,DNg100_R,acetylcholine,IN09A057,IN09A057_L
10056,814036,4,4,DNg100,DNg100_R,acetylcholine,IN21A078,IN21A078_L
10056,815344,4,2,DNg100,DNg100_R,acetylcholine,Ti extensor MN,Ti extensor MN_L
10056,816918,4,4,DNg100,DNg100_R,acetylcholine,EN00B008,EN00B008_M
10056,824394,4,3,DNg100,DNg100_R,acetylcholine,,
10056,901791,4,2,DNg100,DNg100_R,acetylcholine,GNG146,GNG146_R
10056,902287,4,4,DNg100,DNg100_R,acetylcholine,IN20A.22A069,IN20A.22A069_L
10056,902430,4,4,DNg100,DNg100_R,acetylcholine,IN03B032,IN03B032_L
10056,902434,4,3,DNg100,DNg100_R,acetylcholine,IN21A056,IN21A056_L
10056,903125,4,4,DNg100,DNg100_R,acetylcholine,IN01A038,IN01A038_L
10056,903840,4,4,DNg100,DNg100_R,acetylcholine,IN04B037,IN04B037_L
10056,905174,4,4,DNg100,DNg100_R,acetylcholine,IN06A117,IN06A117_L
10056,905645,4,4,DNg100,DNg100_R,acetylcholine,IN09A016,IN09A016_L
10056,906513,4,1,DNg100,DNg100_R,acetylcholine,INXXX363,INXXX363_L
10056,907762,4,3,DNg100,DNg100_R,acetylcholine,IN20A.22A030,IN20A.22A030_L
10056,908686,4,4,DNg100,DNg100_R,acetylcholine,IN03A062_b,IN03A062_b_L
10056,930012,4,3,DNg100,DNg100_R,acetylcholine,IN21A003,IN21A003_L
10056,934908,4,3,DNg100,DNg100_R,acetylcholine,INXXX363,INXXX363_L
10056,1052066280,4,4,DNg100,DNg100_R,acetylcholine,IN19A102,IN19A102_L
10056,10050,3,3,DNg100,DNg100_R,acetylcholine,5-HTPMPV03,5-HTPMPV03_R
10056,10281,3,2,DNg100,DNg100_R,acetylcholine,DNg108,DNg108_R
10056,10377,3,2,DNg100,DNg100_R,acetylcholine,DNge054,DNge054_L
10056,10617,3,3,DNg100,DNg100_R,acetylcholine,GNG105,GNG105_R
10056,10671,3,2,DNg100,DNg100_R,acetylcholine,AN02A002,AN02A002_L
10056,10844,3,3,DNg100,DNg100_R,acetylcholine,DNge053,DNge053_L
10056,10928,3,3,DNg100,DNg100_R,acetylcholine,LPT59,LPT59_R
10056,10979,3,3,DNg100,DNg100_R,acetylcholine,DNge103,DNge103_L
10056,11222,3,2,DNg100,DNg100_R,acetylcholine,DNg111,DNg111(hb1573072464)_L
10056,11336,3,3,DNg100,DNg100_R,acetylcholine,GNG589,GNG589_L
10056,11466,3,3,DNg100,DNg100_R,acetylcholine,DNge149,DNge149_M
10056,11527,3,3,DNg100,DNg100_R,acetylcholine,DNg101,DNg101_L
10056,11772,3,3,DNg100,DNg100_R,acetylcholine,GNG147,GNG147_R
10056,11891,3,3,DNg100,DNg100_R,acetylcholine,LAL139,LAL139_L
10056,12039,3,2,DNg100,DNg100_R,acetylcholine,DNge135,DNge135_R
10056,12101,3,2,DNg100,DNg100_R,acetylcholine,PS058,PS058_L
10056,12580,3,3,DNg100,DNg100_R,acetylcholine,GNG007,GNG007_M
10056,12605,3,2,DNg100,DNg100_R,acetylcholine,GNG147,GNG147_R
10056,12673,3,1,DNg100,DNg100_R,acetylcholine,AN06B011,AN06B011_L
10056,13130,3,3,DNg100,DNg100_R,acetylcholine,DNg105,DNg105_R
10056,14156,3,3,DNg100,DNg100_R,acetylcholine,GNG523,GNG523_L
10056,14842,3,3,DNg100,DNg100_R,acetylcholine,DNge184,DNge184_L
10056,14916,3,3,DNg100,DNg100_R,acetylcholine,GNG508,GNG508_L
10056,14925,3,3,DNg100,DNg100_R,acetylcholine,WED182,WED182_L
10056,15042,3,3,DNg100,DNg100_R,acetylcholine,LoVC22,LoVC22_L
10056,15988,3,2,DNg100,DNg100_R,acetylcholine,DNge064,DNge064_R
10056,16527,3,2,DNg100,DNg100_R,acetylcholine,PLP075,PLP075_L
10056,17174,3,3,DNg100,DNg100_R,acetylcholine,SIP086,SIP086_L
10056,17339,3,2,DNg100,DNg100_R,acetylcholine,GNG461,GNG461_L
10056,21786,3,2,DNg100,DNg100_R,acetylcholine,,SAD019_L
10056,22437,3,3,DNg100,DNg100_R,acetylcholine,CB4072,CB4072_L
10056,25455,3,1,DNg100,DNg100_R,acetylcholine,AN08B022,AN08B022_R
10056,26981,3,3,DNg100,DNg100_R,acetylcholine,AVLP462,AVLP462_L
10056,27083,3,2,DNg100,DNg100_R,acetylcholine,PS276,PS276_L
10056,27515,3,2,DNg100,DNg100_R,acetylcholine,CB4094,CB4094_L
10056,30504,3,3,DNg100,DNg100_R,acetylcholine,LAL149,LAL149_L
10056,31760,3,3,DNg100,DNg100_R,acetylcholine,ANXXX049,ANXXX049_R
10056,32933,3,2,DNg100,DNg100_R,acetylcholine,,
10056,35748,3,2,DNg100,DNg100_R,acetylcholine,WED091,WED091_L
10056,38146,3,3,DNg100,DNg100_R,acetylcholine,CB1464,CB1464_L
10056,41197,3,2,DNg100,DNg100_R,acetylcholine,CB2710,CB2710_L
10056,43116,3,3,DNg100,DNg100_R,acetylcholine,PS315,PS315_L
10056,45235,3,0,DNg100,DNg100_R,acetylcholine,CB2462,CB2462_L
10056,46240,3,3,DNg100,DNg100_R,acetylcholine,AN04A001,AN04A001_L
10056,48649,3,3,DNg100,DNg100_R,acetylcholine,WEDPN7C,WEDPN7C_L
10056,48890,3,3,DNg100,DNg100_R,acetylcholine,CB1856,CB1856_L
10056,63090,3,3,DNg100,DNg100_R,acetylcholine,WED040_a,WED040_a_L
10056,65931,3,3,DNg100,DNg100_R,acetylcholine,PS041,PS041_L
10056,70415,3,2,DNg100,DNg100_R,acetylcholine,PS077,PS077_L
10056,86092,3,3,DNg100,DNg100_R,acetylcholine,CB1356,CB1356_L
10056,135590,3,2,DNg100,DNg100_R,acetylcholine,CB1268,CB1268_L
10056,511754,3,3,DNg100,DNg100_R,acetylcholine,AMMC001,AMMC001_L
10056,512357,3,2,DNg100,DNg100_R,acetylcholine,PS309,PS309_L
10056,515029,3,3,DNg100,DNg100_R,acetylcholine,DNpe027,DNpe027(PS166)_L
10056,516204,3,2,DNg100,DNg100_R,acetylcholine,AN12B019,AN12B019_R
10056,517410,3,3,DNg100,DNg100_R,acetylcholine,,
10056,519773,3,0,DNg100,DNg100_R,acetylcholine,DNge119,DNge119_R
10056,520816,3,2,DNg100,DNg100_R,acetylcholine,GNG298,GNG298_M
10056,521190,3,2,DNg100,DNg100_R,acetylcholine,DNae007,DNae007(VES009)_L
10056,521445,3,3,DNg100,DNg100_R,acetylcholine,DNge063,DNge063_R
10056,522354,3,3,DNg100,DNg100_R,acetylcholine,PS051,PS051_L
10056,529458,3,3,DNg100,DNg100_R,acetylcholine,AVLP097,AVLP097_L
10056,532942,3,2,DNg100,DNg100_R,acetylcholine,VES053,VES053_L
10056,542561,3,2,DNg100,DNg100_R,acetylcholine,IPS001,IPS001_L
10056,800063,3,1,DNg100,DNg100_R,acetylcholine,IN12B002,IN12B002_R
10056,800079,3,2,DNg100,DNg100_R,acetylcholine,IN01A035,IN01A035_R
10056,800095,3,2,DNg100,DNg100_R,acetylcholine,IN20A.22A001,IN20A.22A001_L
10056,800263,3,3,DNg100,DNg100_R,acetylcholine,IN20A.22A001,IN20A.22A001_L
10056,800326,3,2,DNg100,DNg100_R,acetylcholine,IN19A001,IN19A001_L
10056,800412,3,2,DNg100,DNg100_R,acetylcholine,DVMn 1a-c,DVMn 1a-c_L
10056,800566,3,3,DNg100,DNg100_R,acetylcholine,IN07B007,IN07B007_L
10056,800702,3,2,DNg100,DNg100_R,acetylcholine,IN26X001,IN26X001_R
10056,800902,3,3,DNg100,DNg100_R,acetylcholine,IN09A003,IN09A003_L
10056,801186,3,2,DNg100,DNg100_R,acetylcholine,INXXX008,INXXX008_L
10056,801190,3,3,DNg100,DNg100_R,acetylcholine,IN14A005,IN14A005_R
10056,801485,3,1,DNg100,DNg100_R,acetylcholine,IN16B029,IN16B029_L
10056,801547,3,1,DNg100,DNg100_R,acetylcholine,IN21A018,IN21A018_L
10056,801762,3,3,DNg100,DNg100_R,acetylcholine,IN03A014,IN03A014_L
10056,801915,3,2,DNg100,DNg100_R,acetylcholine,Sternal posterior rotator MN,Sternal posterior rotator MN_L
10056,802534,3,3,DNg100,DNg100_R,acetylcholine,IN08A045,IN08A045_L
10056,802609,3,3,DNg100,DNg100_R,acetylcholine,IN03A017,IN03A017_L
10056,802621,3,2,DNg100,DNg100_R,acetylcholine,IN21A022,IN21A022_L
10056,802663,3,3,DNg100,DNg100_R,acetylcholine,IN14B006,IN14B006_L
10056,802717,3,3,DNg100,DNg100_R,acetylcholine,IN01A082,IN01A082_L
10056,802733,3,3,DNg100,DNg100_R,acetylcholine,IN14A010,IN14A010_R
10056,802757,3,3,DNg100,DNg100_R,acetylcholine,INXXX114,INXXX114_L
10056,802778,3,3,DNg100,DNg100_R,acetylcholine,IN14A014,IN14A014_R
10056,802820,3,3,DNg100,DNg100_R,acetylcholine,INXXX126,INXXX126_L
10056,803233,3,2,DNg100,DNg100_R,acetylcholine,IN03A057,IN03A057_L
10056,803974,3,3,DNg100,DNg100_R,acetylcholine,IN20A.22A036,IN20A.22A036_L
10056,803975,3,1,DNg100,DNg100_R,acetylcholine,IN01A050,IN01A050_R
10056,804223,3,3,DNg100,DNg100_R,acetylcholine,IN14A014,IN14A014_R
10056,804685,3,3,DNg100,DNg100_R,acetylcholine,IN03A031,IN03A031_L
10056,804968,3,3,DNg100,DNg100_R,acetylcholine,IN11A049,IN11A049_R
10056,805124,3,2,DNg100,DNg100_R,acetylcholine,IN04B009,IN04B009_L
10056,805370,3,2,DNg100,DNg100_R,acetylcholine,IN08B054,IN08B054_L
10056,805948,3,3,DNg100,DNg100_R,acetylcholine,IN08B064,IN08B064_L
10056,806074,3,3,DNg100,DNg100_R,acetylcholine,IN04B077,IN04B077_L
10056,806281,3,3,DNg100,DNg100_R,acetylcholine,MNad06,MNad06_R
10056,806368,3,3,DNg100,DNg100_R,acetylcholine,IN04B031,IN04B031_L
10056,806444,3,2,DNg100,DNg100_R,acetylcholine,IN04B077,IN04B077_L
10056,806599,3,3,DNg100,DNg100_R,acetylcholine,Acc. ti flexor MN,Acc. ti flexor MN_L
10056,807181,3,2,DNg100,DNg100_R,acetylcholine,IN14A017,IN14A017_R
10056,807576,3,2,DNg100,DNg100_R,acetylcholine,IN16B075_a,IN16B075_a_L
10056,808067,3,3,DNg100,DNg100_R,acetylcholine,IN16B105,IN16B105_L
10056,808839,3,3,DNg100,DNg100_R,acetylcholine,IN16B083,IN16B083_L
10056,808916,3,3,DNg100,DNg100_R,acetylcholine,IN06B072,IN06B072_L
10056,808929,3,3,DNg100,DNg100_R,acetylcholine,IN20A.22A049,IN20A.22A049_L
10056,809005,3,1,DNg100,DNg100_R,acetylcholine,IN08B054,IN08B054_L
10056,809506,3,3,DNg100,DNg100_R,acetylcholine,IN13B044,IN13B044_R
10056,809771,3,1,DNg100,DNg100_R,acetylcholine,IN16B083,IN16B083_L
10056,809993,3,3,DNg100,DNg100_R,acetylcholine,IN08B072,IN08B072_L
10056,810068,3,3,DNg100,DNg100_R,acetylcholine,IN13A075,IN13A075_L
10056,810424,3,2,DNg100,DNg100_R,acetylcholine,IN14A044,IN14A044_R
10056,810789,3,3,DNg100,DNg100_R,acetylcholine,IN14A066,IN14A066_R
10056,811187,3,3,DNg100,DNg100_R,acetylcholine,IN01A071,IN01A071_L
10056,811380,3,1,DNg100,DNg100_R,acetylcholine,IN12B079_c,IN12B079_c_L
10056,812106,3,3,DNg100,DNg100_R,acetylcholine,IN13A059,IN13A059_L
10056,812593,3,2,DNg100,DNg100_R,acetylcholine,IN12B053,IN12B053_R
10056,812907,3,3,DNg100,DNg100_R,acetylcholine,IN09A064,IN09A064_L
10056,813628,3,3,DNg100,DNg100_R,acetylcholine,IN01A082,IN01A082_R
10056,814456,3,3,DNg100,DNg100_R,acetylcholine,IN12B058,IN12B058_R
10056,815085,3,2,DNg100,DNg100_R,acetylcholine,IN09A092,IN09A092_L
10056,816018,3,3,DNg100,DNg100_R,acetylcholine,Sternal adductor MN,Sternal adductor MN_L
10056,817629,3,3,DNg100,DNg100_R,acetylcholine,IN09A083,IN09A083_L
10056,823159,3,3,DNg100,DNg100_R,acetylcholine,"IN14A048,IN14A102","IN14A048,IN14A102_R"
10056,902619,3,1,DNg100,DNg100_R,acetylcholine,IN01A025,IN01A025_L
10056,902758,3,2,DNg100,DNg100_R,acetylcholine,IN03B031,IN03B031_L
10056,902983,3,1,DNg100,DNg100_R,acetylcholine,IN11A003,IN11A003_L
10056,904208,3,3,DNg100,DNg100_R,acetylcholine,IN13A049,IN13A049_L
10056,905049,3,2,DNg100,DNg100_R,acetylcholine,IN20A.22A039,IN20A.22A039_L
10056,905167,3,2,DNg100,DNg100_R,acetylcholine,IN08A005,IN08A005_L
10056,905171,3,3,DNg100,DNg100_R,acetylcholine,IN12A026,IN12A026_L
10056,905625,3,3,DNg100,DNg100_R,acetylcholine,IN01A070,IN01A070_R
10056,906612,3,3,DNg100,DNg100_R,acetylcholine,"DVMn 3a, b","DVMn 3a, b_L"
10056,908148,3,2,DNg100,DNg100_R,acetylcholine,IN20A.22A039,IN20A.22A039_L
10056,908318,3,3,DNg100,DNg100_R,acetylcholine,IN03A046,IN03A046_L
10056,908762,3,3,DNg100,DNg100_R,acetylcholine,Ti flexor MN,Ti flexor MN_L
10056,911282,3,2,DNg100,DNg100_R,acetylcholine,,
10056,913147,3,3,DNg100,DNg100_R,acetylcholine,IN21A100,IN21A100_L
10056,919551,3,0,DNg100,DNg100_R,acetylcholine,IN16B029,IN16B029_L
10056,931203,3,3,DNg100,DNg100_R,acetylcholine,IN08A007,IN08A007_L
10056,933867,3,3,DNg100,DNg100_R,acetylcholine,IN16B030,IN16B030_L
10056,935679,3,3,DNg100,DNg100_R,acetylcholine,,
10056,940467,3,3,DNg100,DNg100_R,acetylcholine,IN19A016,IN19A016_L
10056,1050046221,3,2,DNg100,DNg100_R,acetylcholine,MNml80,MNml80_L
10056,1050100010,3,3,DNg100,DNg100_R,acetylcholine,Ti flexor MN,Ti flexor MN_L
10056,1050115348,3,3,DNg100,DNg100_R,acetylcholine,IN20A.22A026,IN20A.22A026_L
10056,10113,2,1,DNg100,DNg100_R,acetylcholine,GNG106,GNG106_R
10056,10124,2,2,DNg100,DNg100_R,acetylcholine,DNg105,DNg105_L
10056,10131,2,2,DNg100,DNg100_R,acetylcholine,DNg74_a,DNg74_a_R
10056,10168,2,1,DNg100,DNg100_R,acetylcholine,OA-VUMa6,OA-VUMa6(OA-VUMa7)_M
10056,10180,2,2,DNg100,DNg100_R,acetylcholine,AN02A002,AN02A002_R
10056,10184,2,2,DNg100,DNg100_R,acetylcholine,CL366,CL366_L
10056,10317,2,2,DNg100,DNg100_R,acetylcholine,LPT59,LPT59_L
10056,10323,2,2,DNg100,DNg100_R,acetylcholine,CL366,CL366_R
10056,10434,2,1,DNg100,DNg100_R,acetylcholine,AN19B019,AN19B019(hb706176085)_R
10056,10550,2,2,DNg100,DNg100_R,acetylcholine,AN02A001,AN02A001_R
10056,10777,2,0,DNg100,DNg100_R,acetylcholine,PS088,PS088_L
10056,10898,2,2,DNg100,DNg100_R,acetylcholine,AVLP476,AVLP476_R
10056,10964,2,2,DNg100,DNg100_R,acetylcholine,GNG115,GNG115_R
10056,11035,2,1,DNg100,DNg100_R,acetylcholine,LoVC6,LoVC6_L
10056,11082,2,2,DNg100,DNg100_R,acetylcholine,WEDPN4,WEDPN4_L
10056,11118,2,1,DNg100,DNg100_R,acetylcholine,PVLP137,PVLP137_L
10056,11208,2,2,DNg100,DNg100_R,acetylcholine,IB018,IB018_L
10056,11213,2,2,DNg100,DNg100_R,acetylcholine,CB0244,CB0244_L
10056,11228,2,2,DNg100,DNg100_R,acetylcholine,GNG112,GNG112_L
10056,11232,2,2,DNg100,DNg100_R,acetylcholine,DNde003,DNde003(LAL106)_L
10056,11246,2,0,DNg100,DNg100_R,acetylcholine,DNbe006,DNbe006_L
10056,11256,2,1,DNg100,DNg100_R,acetylcholine,DNge040,DNge040_R
10056,11310,2,2,DNg100,DNg100_R,acetylcholine,DNge048,DNge048_R
10056,11421,2,2,DNg100,DNg100_R,acetylcholine,DNge048,DNge048_L
10056,11486,2,1,DNg100,DNg100_R,acetylcholine,DNd03,DNd03_L
10056,11508,2,0,DNg100,DNg100_R,acetylcholine,AN02A001,AN02A001_L
10056,11528,2,2,DNg100,DNg100_R,acetylcholine,CL259,CL259_L
10056,11575,2,0,DNg100,DNg100_R,acetylcholine,DNge049,DNge049_R
10056,11622,2,2,DNg100,DNg100_R,acetylcholine,CB0297,CB0297_R
10056,11667,2,2,DNg100,DNg100_R,acetylcholine,WED119,WED119_L
10056,11674,2,2,DNg100,DNg100_R,acetylcholine,DNp68,DNp68(CL138)_L
10056,11779,2,1,DNg100,DNg100_R,acetylcholine,LAL190,LAL190_L
10056,12055,2,2,DNg100,DNg100_R,acetylcholine,PS196_b,PS196_b_L
10056,12136,2,1,DNg100,DNg100_R,acetylcholine,DNg102,DNg102_L
10056,12410,2,1,DNg100,DNg100_R,acetylcholine,GNG034,GNG034_R
10056,12453,2,2,DNg100,DNg100_R,acetylcholine,DNg50,DNg50_R
10056,12612,2,2,DNg100,DNg100_R,acetylcholine,GNG581,GNG581_R
10056,12619,2,2,DNg100,DNg100_R,acetylcholine,DNge007,DNge007_L
10056,12642,2,2,DNg100,DNg100_R,acetylcholine,GNG649,GNG649_L
10056,12660,2,2,DNg100,DNg100_R,acetylcholine,SAD010,SAD010_R
10056,12811,2,1,DNg100,DNg100_R,acetylcholine,GNG087,GNG087_L
10056,12988,2,2,DNg100,DNg100_R,acetylcholine,VES088,VES088_L
10056,12995,2,2,DNg100,DNg100_R,acetylcholine,DNde003,DNde003(LAL106)_R
10056,13007,2,2,DNg100,DNg100_R,acetylcholine,mALD4,mALD4_R
10056,13092,2,2,DNg100,DNg100_R,acetylcholine,DNp60,DNp60(CL139)_R
10056,13539,2,2,DNg100,DNg100_R,acetylcholine,,
10056,13845,2,1,DNg100,DNg100_R,acetylcholine,AN17A026,AN17A026_L
10056,13970,2,1,DNg100,DNg100_R,acetylcholine,AOTU050,AOTU050_L
10056,14169,2,0,DNg100,DNg100_R,acetylcholine,GNG575,GNG575_L
10056,14249,2,2,DNg100,DNg100_R,acetylcholine,DNge077,DNge077_L
10056,14549,2,2,DNg100,DNg100_R,acetylcholine,PS115,PS115_L
10056,14582,2,2,DNg100,DNg100_R,acetylcholine,PS336,PS336_L
10056,14899,2,2,DNg100,DNg100_R,acetylcholine,AN05B006,AN05B006_L
10056,14906,2,1,DNg100,DNg100_R,acetylcholine,GNG523,GNG523_R
10056,15000,2,2,DNg100,DNg100_R,acetylcholine,PVLP046,PVLP046_L
10056,15192,2,2,DNg100,DNg100_R,acetylcholine,AN05B097,AN05B097_R
10056,15720,2,1,DNg100,DNg100_R,acetylcholine,DNge124,DNge124_L
10056,15821,2,1,DNg100,DNg100_R,acetylcholine,DNge081,DNge081_R
10056,16380,2,2,DNg100,DNg100_R,acetylcholine,IB058,IB058_L
10056,16593,2,2,DNg100,DNg100_R,acetylcholine,ANXXX002,ANXXX002_R
10056,17076,2,0,DNg100,DNg100_R,acetylcholine,GNG461,GNG461_R
10056,17140,2,2,DNg100,DNg100_R,acetylcholine,GNG589,GNG589_R
10056,17198,2,2,DNg100,DNg100_R,acetylcholine,DNge035,DNge035_R
10056,17344,2,1,DNg100,DNg100_R,acetylcholine,ANXXX218,ANXXX218_R
10056,17612,2,2,DNg100,DNg100_R,acetylcholine,PS347_a,PS347_a_L
10056,18148,2,1,DNg100,DNg100_R,acetylcholine,GNG208,GNG208_L
10056,19293,2,2,DNg100,DNg100_R,acetylcholine,LPT116,LPT116_L
10056,20613,2,2,DNg100,DNg100_R,acetylcholine,IB050,IB050_L
10056,21366,2,2,DNg100,DNg100_R,acetylcholine,PS315,PS315_L
10056,22090,2,2,DNg100,DNg100_R,acetylcholine,AN27X016,AN27X016_L
10056,22172,2,2,DNg100,DNg100_R,acetylcholine,WED014,WED014_L
10056,22496,2,2,DNg100,DNg100_R,acetylcholine,VES100,VES100_R
10056,22834,2,2,DNg100,DNg100_R,acetylcholine,CB0374,CB0374_L
10056,22950,2,1,DNg100,DNg100_R,acetylcholine,GNG345,GNG345_L
10056,23188,2,2,DNg100,DNg100_R,acetylcholine,AN18B023,AN18B023_L
10056,23281,2,1,DNg100,DNg100_R,acetylcholine,ExR5,ExR5_L
10056,23861,2,1,DNg100,DNg100_R,acetylcholine,LPT115,LPT115_L
10056,23962,2,2,DNg100,DNg100_R,acetylcholine,CB2408,CB2408_L
10056,24772,2,2,DNg100,DNg100_R,acetylcholine,PVLP046,PVLP046_L
10056,26311,2,2,DNg100,DNg100_R,acetylcholine,AMMC001,AMMC001_R
10056,26564,2,1,DNg100,DNg100_R,acetylcholine,AN00A006,AN00A006_M
10056,28160,2,1,DNg100,DNg100_R,acetylcholine,CL001,CL001_L
10056,29310,2,2,DNg100,DNg100_R,acetylcholine,DNg06,DNg06_L
10056,29923,2,2,DNg100,DNg100_R,acetylcholine,AN19B044,AN19B044_L
10056,31295,2,2,DNg100,DNg100_R,acetylcholine,PS252,PS252_L
10056,32020,2,2,DNg100,DNg100_R,acetylcholine,WED024,WED024_L
10056,32042,2,2,DNg100,DNg100_R,acetylcholine,,
10056,36102,2,1,DNg100,DNg100_R,acetylcholine,DNge136,DNge136_L
10056,36617,2,2,DNg100,DNg100_R,acetylcholine,PLP261,PLP261_L
10056,42270,2,2,DNg100,DNg100_R,acetylcholine,PS077,PS077_L
10056,50366,2,1,DNg100,DNg100_R,acetylcholine,PS142,PS142_L
10056,50526,2,1,DNg100,DNg100_R,acetylcholine,PS280,PS280_L
10056,50845,2,1,DNg100,DNg100_R,acetylcholine,CB2501,CB2501_L
10056,62405,2,2,DNg100,DNg100_R,acetylcholine,DNg39,DNg39_L
10056,79691,2,2,DNg100,DNg100_R,acetylcholine,CB1252,CB1252_L
10056,95203,2,2,DNg100,DNg100_R,acetylcholine,AMMC020,AMMC020_L
10056,112902,2,2,DNg100,DNg100_R,acetylcholine,PS148,PS148_R
10056,135060,2,1,DNg100,DNg100_R,acetylcholine,CB1585,CB1585_L
10056,168052,2,2,DNg100,DNg100_R,acetylcholine,CB2081_a,CB2081_a_L
10056,186380,2,0,DNg100,DNg100_R,acetylcholine,DNge144,DNge144_L
10056,268258,2,2,DNg100,DNg100_R,acetylcholine,DNge173,DNge173_L
10056,512518,2,2,DNg100,DNg100_R,acetylcholine,CB1607,CB1607_L
10056,513617,2,1,DNg100,DNg100_R,acetylcholine,VES049,VES049_R
10056,513875,2,2,DNg100,DNg100_R,acetylcholine,DNge003,DNge003_R
10056,515019,2,2,DNg100,DNg100_R,acetylcholine,GNG034,GNG034_L
10056,516946,2,2,DNg100,DNg100_R,acetylcholine,VES043,VES043_L
10056,517512,2,1,DNg100,DNg100_R,acetylcholine,ExR2,ExR2_L
10056,519365,2,1,DNg100,DNg100_R,acetylcholine,VES092,VES092_L
10056,520300,2,1,DNg100,DNg100_R,acetylcholine,DNg75,DNg75(hb1874217622)_R
10056,522961,2,2,DNg100,DNg100_R,acetylcholine,DNp47,DNp47(PS293)_L
10056,523506,2,2,DNg100,DNg100_R,acetylcholine,PS171,PS171_L
10056,523843,2,2,DNg100,DNg100_R,acetylcholine,AN19A018,AN19A018(14863)_L
10056,524503,2,1,DNg100,DNg100_R,acetylcholine,OA-ASM2,OA-ASM2_L
10056,524668,2,2,DNg100,DNg100_R,acetylcholine,PLP256,PLP256_L
10056,529029,2,2,DNg100,DNg100_R,acetylcholine,GNG633,GNG633_L
10056,529710,2,1,DNg100,DNg100_R,acetylcholine,LAL126,LAL126_L
10056,531453,2,2,DNg100,DNg100_R,acetylcholine,WED030_a,WED030_a_L
10056,532619,2,1,DNg100,DNg100_R,acetylcholine,CB2501,CB2501_L
10056,532907,2,2,DNg100,DNg100_R,acetylcholine,CB0285,CB0285_L
10056,537751,2,2,DNg100,DNg100_R,acetylcholine,CL117,CL117_R
10056,537840,2,2,DNg100,DNg100_R,acetylcholine,PS188,PS188_L
10056,550221,2,1,DNg100,DNg100_R,acetylcholine,DNg69,DNg69_L
10056,555457,2,2,DNg100,DNg100_R,acetylcholine,DNge079,DNge079_R
10056,555458,2,2,DNg100,DNg100_R,acetylcholine,GNG561,GNG561_L
10056,556286,2,2,DNg100,DNg100_R,acetylcholine,DNp32,DNp32_L
10056,556702,2,2,DNg100,DNg100_R,acetylcholine,GNG119,GNG119_L
10056,559437,2,2,DNg100,DNg100_R,acetylcholine,CB3320,CB3320_L
10056,581131,2,2,DNg100,DNg100_R,acetylcholine,PS306,PS306_L
10056,800396,2,2,DNg100,DNg100_R,acetylcholine,IN03A023,IN03A023_L
10056,800420,2,2,DNg100,DNg100_R,acetylcholine,IN03B021,IN03B021_L
10056,800424,2,1,DNg100,DNg100_R,acetylcholine,IN09A001,IN09A001_L
10056,800490,2,2,DNg100,DNg100_R,acetylcholine,IN19A008,IN19A008_L
10056,800492,2,2,DNg100,DNg100_R,acetylcholine,IN03A004,IN03A004_L
10056,800536,2,1,DNg100,DNg100_R,acetylcholine,IN19A011,IN19A011_L
10056,800576,2,2,DNg100,DNg100_R,acetylcholine,IN03A001,IN03A001_L
10056,800597,2,1,DNg100,DNg100_R,acetylcholine,IN13A011,IN13A011_L
10056,800646,2,2,DNg100,DNg100_R,acetylcholine,IN03A006,IN03A006_L
10056,800705,2,2,DNg100,DNg100_R,acetylcholine,IN03A010,IN03A010_L
10056,800805,2,0,DNg100,DNg100_R,acetylcholine,IN18B005,IN18B005_L
10056,800832,2,2,DNg100,DNg100_R,acetylcholine,IN21A003,IN21A003_L
10056,801026,2,1,DNg100,DNg100_R,acetylcholine,IN21A012,IN21A012_L
10056,801054,2,2,DNg100,DNg100_R,acetylcholine,IN21A004,IN21A004_L
10056,801280,2,2,DNg100,DNg100_R,acetylcholine,IN06B021,IN06B021_L
10056,801302,2,1,DNg100,DNg100_R,acetylcholine,IN10B002,IN10B002_R
10056,801473,2,2,DNg100,DNg100_R,acetylcholine,IN03A067,IN03A067_L
10056,801537,2,1,DNg100,DNg100_R,acetylcholine,IN17A042,IN17A042_L
10056,801640,2,2,DNg100,DNg100_R,acetylcholine,IN01A017,IN01A017_L
10056,801653,2,1,DNg100,DNg100_R,acetylcholine,IN06B008,IN06B008_R
10056,801656,2,1,DNg100,DNg100_R,acetylcholine,IN09A009,IN09A009_L
10056,801658,2,2,DNg100,DNg100_R,acetylcholine,IN01A027,IN01A027_R
10056,801660,2,0,DNg100,DNg100_R,acetylcholine,IN16B029,IN16B029_L
10056,801678,2,2,DNg100,DNg100_R,acetylcholine,ADNM1 MN,ADNM1 MN_R
10056,801786,2,2,DNg100,DNg100_R,acetylcholine,IN19A024,IN19A024_R
10056,801797,2,2,DNg100,DNg100_R,acetylcholine,IN21A014,IN21A014_L
10056,801823,2,2,DNg100,DNg100_R,acetylcholine,IN17A028,IN17A028_L
10056,801860,2,1,DNg100,DNg100_R,acetylcholine,INXXX471,INXXX471_L
10056,801935,2,2,DNg100,DNg100_R,acetylcholine,IN09A016,IN09A016_L
10056,802106,2,2,DNg100,DNg100_R,acetylcholine,IN21A015,IN21A015_L
10056,802164,2,2,DNg100,DNg100_R,acetylcholine,MNad14,MNad14_L
10056,802236,2,1,DNg100,DNg100_R,acetylcholine,IN16B030,IN16B030_L
10056,802258,2,2,DNg100,DNg100_R,acetylcholine,IN06A004,IN06A004_L
10056,802405,2,2,DNg100,DNg100_R,acetylcholine,MNad06,MNad06_L
10056,802413,2,1,DNg100,DNg100_R,acetylcholine,MNad53,MNad53_L
10056,802494,2,2,DNg100,DNg100_R,acetylcholine,IN19A022,IN19A022_L
10056,802553,2,2,DNg100,DNg100_R,acetylcholine,IN21A021,IN21A021_L
10056,802681,2,2,DNg100,DNg100_R,acetylcholine,IN06B008,IN06B008_L
10056,802724,2,1,DNg100,DNg100_R,acetylcholine,IN12A019_b,IN12A019_b_L
10056,802869,2,1,DNg100,DNg100_R,acetylcholine,IN13B017,IN13B017_R
10056,802886,2,2,DNg100,DNg100_R,acetylcholine,IN06B022,IN06B022_L
10056,803035,2,2,DNg100,DNg100_R,acetylcholine,IN20A.22A003,IN20A.22A003_L
10056,803139,2,1,DNg100,DNg100_R,acetylcholine,INXXX269,INXXX269_R
10056,803246,2,2,DNg100,DNg100_R,acetylcholine,IN20A.22A017,IN20A.22A017_L
10056,803404,2,1,DNg100,DNg100_R,acetylcholine,IN11A003,IN11A003_L
10056,803829,2,2,DNg100,DNg100_R,acetylcholine,Tr flexor MN,Tr flexor MN_L
10056,803834,2,2,DNg100,DNg100_R,acetylcholine,IN13B104,IN13B104_R
10056,804062,2,2,DNg100,DNg100_R,acetylcholine,IN20A.22A054,IN20A.22A054_L
10056,804387,2,2,DNg100,DNg100_R,acetylcholine,IN09A027,IN09A027_L
10056,804494,2,1,DNg100,DNg100_R,acetylcholine,IN02A029,IN02A029_L
10056,804514,2,2,DNg100,DNg100_R,acetylcholine,Tergotr. MN,Tergotr. MN_L
10056,804549,2,2,DNg100,DNg100_R,acetylcholine,,
10056,804873,2,2,DNg100,DNg100_R,acetylcholine,IN20A.22A009,IN20A.22A009_L
10056,805041,2,2,DNg100,DNg100_R,acetylcholine,IN02A015,IN02A015_R
10056,805505,2,2,DNg100,DNg100_R,acetylcholine,,
10056,805598,2,2,DNg100,DNg100_R,acetylcholine,Fe reductor MN,Fe reductor MN_L
10056,805857,2,1,DNg100,DNg100_R,acetylcholine,IN20A.22A039,IN20A.22A039_L
10056,805911,2,2,DNg100,DNg100_R,acetylcholine,IN09A021,IN09A021_L
10056,806072,2,2,DNg100,DNg100_R,acetylcholine,IN03B049,IN03B049_L
10056,806100,2,2,DNg100,DNg100_R,acetylcholine,IN08B054,IN08B054_L
10056,806167,2,2,DNg100,DNg100_R,acetylcholine,IN01A052_a,IN01A052_a_L
10056,806423,2,1,DNg100,DNg100_R,acetylcholine,IN20A.22A016,IN20A.22A016_L
10056,806514,2,1,DNg100,DNg100_R,acetylcholine,IN20A.22A019,IN20A.22A019_L
10056,806818,2,2,DNg100,DNg100_R,acetylcholine,IN04B077,IN04B077_L
10056,806923,2,2,DNg100,DNg100_R,acetylcholine,Sternal anterior rotator MN,Sternal anterior rotator MN_L
10056,806951,2,1,DNg100,DNg100_R,acetylcholine,IN12B044_a,IN12B044_a_R
10056,806990,2,1,DNg100,DNg100_R,acetylcholine,IN12B042,IN12B042_R
10056,807016,2,2,DNg100,DNg100_R,acetylcholine,IN09A028,IN09A028_L
10056,807124,2,2,DNg100,DNg100_R,acetylcholine,IN19A099,IN19A099_L
10056,807213,2,2,DNg100,DNg100_R,acetylcholine,IN08A022,IN08A022_L
10056,807298,2,2,DNg100,DNg100_R,acetylcholine,IN13A033,IN13A033_L
10056,807452,2,2,DNg100,DNg100_R,acetylcholine,IN04B071,IN04B071_L
10056,807544,2,2,DNg100,DNg100_R,acetylcholine,IN03A046,IN03A046_L
10056,807693,2,1,DNg100,DNg100_R,acetylcholine,IN20A.22A044,IN20A.22A044_L
10056,807808,2,1,DNg100,DNg100_R,acetylcholine,IN12B023,IN12B023_R
10056,808168,2,2,DNg100,DNg100_R,acetylcholine,IN20A.22A066,IN20A.22A066_L
10056,808191,2,2,DNg100,DNg100_R,acetylcholine,IN09A049,IN09A049_L
10056,808302,2,2,DNg100,DNg100_R,acetylcholine,IN14A012,IN14A012_R
10056,808515,2,2,DNg100,DNg100_R,acetylcholine,IN20A.22A043,IN20A.22A043_L
10056,808930,2,2,DNg100,DNg100_R,acetylcholine,IN16B083,IN16B083_L
10056,809170,2,1,DNg100,DNg100_R,acetylcholine,IN01A062_c,IN01A062_c_L
10056,809212,2,0,DNg100,DNg100_R,acetylcholine,IN07B055,IN07B055_L
10056,809670,2,2,DNg100,DNg100_R,acetylcholine,Acc. ti flexor MN,Acc. ti flexor MN_L
10056,809782,2,2,DNg100,DNg100_R,acetylcholine,IN09A064,IN09A064_R
10056,809912,2,1,DNg100,DNg100_R,acetylcholine,Ti flexor MN,Ti flexor MN_L
10056,811640,2,2,DNg100,DNg100_R,acetylcholine,IN14A081,IN14A081_R
10056,812042,2,2,DNg100,DNg100_R,acetylcholine,"IN19A095,IN19A127","IN19A095,IN19A127_L"
10056,812155,2,2,DNg100,DNg100_R,acetylcholine,IN21A085,IN21A085_L
10056,812436,2,1,DNg100,DNg100_R,acetylcholine,IN01B068,IN01B068_L
10056,812582,2,2,DNg100,DNg100_R,acetylcholine,IN09A045,IN09A045_R
10056,812779,2,2,DNg100,DNg100_R,acetylcholine,IN21A076,IN21A076_L
10056,812950,2,2,DNg100,DNg100_R,acetylcholine,IN09A042,IN09A042_R
10056,812953,2,1,DNg100,DNg100_R,acetylcholine,Ti extensor MN,Ti extensor MN_L
10056,814206,2,2,DNg100,DNg100_R,acetylcholine,MNad06,MNad06_L
10056,815182,2,1,DNg100,DNg100_R,acetylcholine,INXXX295,INXXX295_L
10056,815643,2,2,DNg100,DNg100_R,acetylcholine,IN21A078,IN21A078_L
10056,816190,2,2,DNg100,DNg100_R,acetylcholine,IN21A094,IN21A094_L
10056,817283,2,1,DNg100,DNg100_R,acetylcholine,Acc. ti flexor MN,Acc. ti flexor MN_L
10056,819665,2,1,DNg100,DNg100_R,acetylcholine,IN09A096,IN09A096_L
10056,823281,2,1,DNg100,DNg100_R,acetylcholine,Tr flexor MN,Tr flexor MN_L
10056,832490,2,2,DNg100,DNg100_R,acetylcholine,Sternal anterior rotator MN,Sternal anterior rotator MN_L
10056,840981,2,2,DNg100,DNg100_R,acetylcholine,Tr extensor MN,Tr extensor MN_L
10056,852029,2,2,DNg100,DNg100_R,acetylcholine,IN23B022,IN23B022_L
10056,858248,2,2,DNg100,DNg100_R,acetylcholine,ltm1-tibia MN,ltm1-tibia MN_L
10056,888609,2,2,DNg100,DNg100_R,acetylcholine,,
10056,902349,2,2,DNg100,DNg100_R,acetylcholine,IN16B030,IN16B030_L
10056,902880,2,2,DNg100,DNg100_R,acetylcholine,IN03B019,IN03B019_L
10056,903158,2,2,DNg100,DNg100_R,acetylcholine,Tr flexor MN,Tr flexor MN_L
10056,903455,2,2,DNg100,DNg100_R,acetylcholine,dMS9,dMS9_R
10056,903561,2,1,DNg100,DNg100_R,acetylcholine,IN12B002,IN12B002_R
10056,903833,2,1,DNg100,DNg100_R,acetylcholine,IN04B019,IN04B019_L
10056,903861,2,0,DNg100,DNg100_R,acetylcholine,INXXX258,INXXX258_L
10056,904129,2,2,DNg100,DNg100_R,acetylcholine,,
10056,904528,2,2,DNg100,DNg100_R,acetylcholine,IN20A.22A049,IN20A.22A049_L
10056,904737,2,2,DNg100,DNg100_R,acetylcholine,IN16B075_c,IN16B075_c_L
10056,905024,2,2,DNg100,DNg100_R,acetylcholine,IN21A075,IN21A075_L
10056,905210,2,2,DNg100,DNg100_R,acetylcholine,MNnm11,MNnm11_L
10056,905714,2,1,DNg100,DNg100_R,acetylcholine,IN21A017,IN21A017_L
10056,906687,2,2,DNg100,DNg100_R,acetylcholine,IN20A.22A001,IN20A.22A001_L
10056,907282,2,2,DNg100,DNg100_R,acetylcholine,IN07B028,IN07B028_L
10056,908011,2,2,DNg100,DNg100_R,acetylcholine,IN20A.22A043,IN20A.22A043_L
10056,908715,2,2,DNg100,DNg100_R,acetylcholine,IN20A.22A026,IN20A.22A026_L
10056,908923,2,2,DNg100,DNg100_R,acetylcholine,IN20A.22A022,IN20A.22A022_L
10056,909066,2,2,DNg100,DNg100_R,acetylcholine,IN20A.22A055,IN20A.22A055_L
10056,909415,2,2,DNg100,DNg100_R,acetylcholine,IN20A.22A024,IN20A.22A024_L
10056,909435,2,2,DNg100,DNg100_R,acetylcholine,IN06B056,IN06B056_R
10056,909575,2,2,DNg100,DNg100_R,acetylcholine,IN14A066,IN14A066_R
10056,911618,2,2,DNg100,DNg100_R,acetylcholine,IN21A083,IN21A083_L
10056,911639,2,2,DNg100,DNg100_R,acetylcholine,IN21A002,IN21A002_L
10056,912122,2,2,DNg100,DNg100_R,acetylcholine,IN13B006,IN13B006_R
10056,912316,2,2,DNg100,DNg100_R,acetylcholine,IN09A064,IN09A064_L
10056,919509,2,1,DNg100,DNg100_R,acetylcholine,Sternal anterior rotator MN,Sternal anterior rotator MN_L
10056,919511,2,1,DNg100,DNg100_R,acetylcholine,IN09A054,IN09A054_L
10056,924167,2,1,DNg100,DNg100_R,acetylcholine,STTMm,STTMm_L
10056,929100,2,2,DNg100,DNg100_R,acetylcholine,IN20A.22A036,IN20A.22A036_L
10056,929376,2,2,DNg100,DNg100_R,acetylcholine,Ti flexor MN,Ti flexor MN_L
10056,931204,2,1,DNg100,DNg100_R,acetylcholine,IN20A.22A002,IN20A.22A002_L
10056,932322,2,2,DNg100,DNg100_R,acetylcholine,DVMn 1a-c,DVMn 1a-c_L
10056,936452,2,2,DNg100,DNg100_R,acetylcholine,IN07B023,IN07B023_L
10056,940399,2,2,DNg100,DNg100_R,acetylcholine,IN14A026,IN14A026_R
10056,940696,2,2,DNg100,DNg100_R,acetylcholine,IN08B042,IN08B042_L
10056,1051054875,2,2,DNg100,DNg100_R,acetylcholine,Sternal posterior rotator MN,Sternal posterior rotator MN_L
10056,1053002338,2,2,DNg100,DNg100_R,acetylcholine,IN20A.22A043,IN20A.22A043_L
10056,10030,1,1,DNg100,DNg100_R,acetylcholine,pIP1,pIP1_L
10056,10041,1,0,DNg100,DNg100_R,acetylcholine,OA-VUMa1,OA-VUMa1_M
10056,10078,1,1,DNg100,DNg100_R,acetylcholine,MeVC1,MeVC1_L
10056,10092,1,0,DNg100,DNg100_R,acetylcholine,aMe17a,aMe17a_L
10056,10101,1,0,DNg100,DNg100_R,acetylcholine,PS100,PS100_R
10056,10136,1,0,DNg100,DNg100_R,acetylcholine,PS304,PS304_L
10056,10160,1,1,DNg100,DNg100_R,acetylcholine,DNg90,DNg90_L
10056,10175,1,1,DNg100,DNg100_R,acetylcholine,OA-VUMa6,OA-VUMa6(OA-VUMa7)_M
10056,10185,1,0,DNg100,DNg100_R,acetylcholine,OA-VUMa8,OA-VUMa8_M
10056,10191,1,0,DNg100,DNg100_R,acetylcholine,GNG661,GNG661_R
10056,10215,1,0,DNg100,DNg100_R,acetylcholine,CB0677,CB0677_R
10056,10216,1,1,DNg100,DNg100_R,acetylcholine,DNge037,DNge037_R
10056,10265,1,0,DNg100,DNg100_R,acetylcholine,OA-AL2i2,OA-AL2i2_L
10056,10273,1,1,DNg100,DNg100_R,acetylcholine,SIP136m,SIP136m_L
10056,10296,1,1,DNg100,DNg100_R,acetylcholine,DNge054,DNge054_R
10056,10299,1,1,DNg100,DNg100_R,acetylcholine,AstA1,AstA1_R
10056,10315,1,1,DNg100,DNg100_R,acetylcholine,SAD073,SAD073_R
10056,10329,1,1,DNg100,DNg100_R,acetylcholine,PVLP137,PVLP137_R
10056,10362,1,0,DNg100,DNg100_R,acetylcholine,LT36,LT36_R
10056,10394,1,1,DNg100,DNg100_R,acetylcholine,DNg98,DNg98_L
10056,10468,1,1,DNg100,DNg100_R,acetylcholine,GNG144,GNG144_L
10056,10477,1,0,DNg100,DNg100_R,acetylcholine,LoVC12,LoVC12_L
10056,10490,1,0,DNg100,DNg100_R,acetylcholine,GNG671,GNG671_M
10056,10507,1,0,DNg100,DNg100_R,acetylcholine,GNG701m,GNG701m_L
10056,10544,1,0,DNg100,DNg100_R,acetylcholine,DNg88,DNg88_R
10056,10545,1,0,DNg100,DNg100_R,acetylcholine,AN06B009,AN06B009(hb1687321237)_R
10056,10580,1,1,DNg100,DNg100_R,acetylcholine,DNp70,DNp70(CL305)_L
10056,10583,1,0,DNg100,DNg100_R,acetylcholine,LPT60,LPT60_R
10056,10608,1,1,DNg100,DNg100_R,acetylcholine,MeVC4a,MeVC4a_R
10056,10658,1,1,DNg100,DNg100_R,acetylcholine,OA-AL2i3,OA-AL2i3_L
10056,10787,1,0,DNg100,DNg100_R,acetylcholine,LT35,LT35_L
10056,10800,1,0,DNg100,DNg100_R,acetylcholine,DNbe007,DNbe007(VES042)_L
10056,10819,1,1,DNg100,DNg100_R,acetylcholine,SAD105,SAD105_L
10056,10855,1,1,DNg100,DNg100_R,acetylcholine,GNG004,GNG004_M
10056,10885,1,1,DNg100,DNg100_R,acetylcholine,DNg88,DNg88_L
10056,10908,1,0,DNg100,DNg100_R,acetylcholine,LT37,LT37_L
10056,10919,1,1,DNg100,DNg100_R,acetylcholine,VES064,VES064_R
10056,10968,1,1,DNg100,DNg100_R,acetylcholine,DNp34,DNp34_L
10056,11054,1,1,DNg100,DNg100_R,acetylcholine,LAL015,LAL015_L
10056,11057,1,1,DNg100,DNg100_R,acetylcholine,DNbe004,DNbe004(PS066)_L
10056,11063,1,1,DNg100,DNg100_R,acetylcholine,DNge032,DNge032_L
10056,11103,1,1,DNg100,DNg100_R,acetylcholine,DNge141,DNge141_R
10056,11108,1,1,DNg100,DNg100_R,acetylcholine,CL286,CL286_R
10056,11158,1,1,DNg100,DNg100_R,acetylcholine,DNge026,DNge026_R
10056,11177,1,1,DNg100,DNg100_R,acetylcholine,DNp09,DNp09_R
10056,11178,1,1,DNg100,DNg100_R,acetylcholine,SIP091,SIP091_L
10056,11223,1,0,DNg100,DNg100_R,acetylcholine,DNg79,DNg79_L
10056,11297,1,0,DNg100,DNg100_R,acetylcholine,DNbe003,DNbe003(hb5813024933)_R
10056,11330,1,0,DNg100,DNg100_R,acetylcholine,SAD082,SAD082_L
10056,11339,1,1,DNg100,DNg100_R,acetylcholine,LT51,LT51_L
10056,11411,1,1,DNg100,DNg100_R,acetylcholine,DNg31,DNg31_R
10056,11413,1,1,DNg100,DNg100_R,acetylcholine,VES088,VES088_R
10056,11459,1,0,DNg100,DNg100_R,acetylcholine,DNpe006,DNpe006(CL330)_L
10056,11484,1,1,DNg100,DNg100_R,acetylcholine,GNG107,GNG107_L
10056,11491,1,0,DNg100,DNg100_R,acetylcholine,DNde005,DNde005(VES028)_L
10056,11505,1,1,DNg100,DNg100_R,acetylcholine,DNp54,DNp54(PS163)_R
10056,11526,1,1,DNg100,DNg100_R,acetylcholine,PVLP114,PVLP114_R
10056,11588,1,1,DNg100,DNg100_R,acetylcholine,GNG590,GNG590_R
10056,11598,1,1,DNg100,DNg100_R,acetylcholine,DNg31,DNg31_L
10056,11637,1,1,DNg100,DNg100_R,acetylcholine,PLP092,PLP092_L
10056,11657,1,0,DNg100,DNg100_R,acetylcholine,DNpe005,DNpe005(WED123)_L
10056,11681,1,1,DNg100,DNg100_R,acetylcholine,VES013,VES013_L
10056,11737,1,1,DNg100,DNg100_R,acetylcholine,DNge073,DNge073_R
10056,11751,1,0,DNg100,DNg100_R,acetylcholine,GNG294,GNG294_L
10056,11787,1,0,DNg100,DNg100_R,acetylcholine,AOTU033,AOTU033_R
10056,11823,1,1,DNg100,DNg100_R,acetylcholine,VES063,VES063_L
10056,11863,1,0,DNg100,DNg100_R,acetylcholine,GNG553,GNG553_R
10056,11876,1,1,DNg100,DNg100_R,acetylcholine,DNae003,DNae003(PS040)_L
10056,11932,1,1,DNg100,DNg100_R,acetylcholine,GNG119,GNG119_R
10056,11980,1,1,DNg100,DNg100_R,acetylcholine,AVLP491,AVLP491_L
10056,12027,1,1,DNg100,DNg100_R,acetylcholine,DNp101,DNp101(CL334)_L
10056,12092,1,1,DNg100,DNg100_R,acetylcholine,DNge027,DNge027_R
10056,12097,1,1,DNg100,DNg100_R,acetylcholine,GNG283,GNG283_L
10056,12224,1,1,DNg100,DNg100_R,acetylcholine,DNg14,DNg14_R
10056,12335,1,0,DNg100,DNg100_R,acetylcholine,AN06B007,AN06B007_L
10056,12368,1,1,DNg100,DNg100_R,acetylcholine,VES075,VES075_L
10056,12435,1,1,DNg100,DNg100_R,acetylcholine,DNp67,DNp67(CL139)_R
10056,12483,1,1,DNg100,DNg100_R,acetylcholine,LoVP86,LoVP86_L
10056,12503,1,1,DNg100,DNg100_R,acetylcholine,SLP469,SLP469_R
10056,12516,1,0,DNg100,DNg100_R,acetylcholine,DNge047,DNge047_L
10056,12526,1,0,DNg100,DNg100_R,acetylcholine,GNG535,GNG535_R
10056,12587,1,1,DNg100,DNg100_R,acetylcholine,DNge004,DNge004_R
10056,12610,1,1,DNg100,DNg100_R,acetylcholine,DNg102,DNg102_L
10056,12635,1,1,DNg100,DNg100_R,acetylcholine,DNg19,DNg19_L
10056,12683,1,1,DNg100,DNg100_R,acetylcholine,VES048,VES048_R
10056,12705,1,1,DNg100,DNg100_R,acetylcholine,DNge123,DNge123_R
10056,12808,1,0,DNg100,DNg100_R,acetylcholine,GNG043,GNG043_R
10056,12832,1,1,DNg100,DNg100_R,acetylcholine,CL303,CL303_L
10056,12846,1,1,DNg100,DNg100_R,acetylcholine,GNG285,GNG285(hb2335981561)_L
10056,12966,1,1,DNg100,DNg100_R,acetylcholine,LoVC13,LoVC13_L
10056,13096,1,1,DNg100,DNg100_R,acetylcholine,DNge018,DNge018_R
10056,13124,1,0,DNg100,DNg100_R,acetylcholine,GNG315,GNG315_L
10056,13218,1,1,DNg100,DNg100_R,acetylcholine,DNg95,DNg95_L
10056,13229,1,1,DNg100,DNg100_R,acetylcholine,DNg41,DNg41(hb5813024629)_R
10056,13237,1,0,DNg100,DNg100_R,acetylcholine,CB0492,CB0492_L
10056,13259,1,1,DNg100,DNg100_R,acetylcholine,PPL202,PPL202_L
10056,13278,1,1,DNg100,DNg100_R,acetylcholine,DNge076,DNge076_R
10056,13357,1,1,DNg100,DNg100_R,acetylcholine,VES085_a,VES085_a_L
10056,13382,1,1,DNg100,DNg100_R,acetylcholine,GNG112,GNG112_R
10056,13432,1,1,DNg100,DNg100_R,acetylcholine,DNg66,DNg66_M
10056,13501,1,1,DNg100,DNg100_R,acetylcholine,VES087,VES087_R
10056,13615,1,1,DNg100,DNg100_R,acetylcholine,DNbe006,DNbe006_R
10056,13694,1,0,DNg100,DNg100_R,acetylcholine,GNG525,GNG525_L
10056,13759,1,0,DNg100,DNg100_R,acetylcholine,DNge010,DNge010_L
10056,13829,1,0,DNg100,DNg100_R,acetylcholine,GNG307,GNG307_L
10056,13952,1,1,DNg100,DNg100_R,acetylcholine,DNg63,DNg63_L
10056,13973,1,1,DNg100,DNg100_R,acetylcholine,PLP300m,PLP300m_L
10056,14001,1,1,DNg100,DNg100_R,acetylcholine,CB0204,CB0204_R
10056,14003,1,1,DNg100,DNg100_R,acetylcholine,PLP301m,PLP301m_L
10056,14049,1,1,DNg100,DNg100_R,acetylcholine,PLP300m,PLP300m_R
10056,14051,1,0,DNg100,DNg100_R,acetylcholine,VES067,VES067_L
10056,14143,1,1,DNg100,DNg100_R,acetylcholine,GNG306,GNG306_L
10056,14154,1,1,DNg100,DNg100_R,acetylcholine,DNg76,DNg76_R
10056,14269,1,1,DNg100,DNg100_R,acetylcholine,VES050,VES050_R
10056,14328,1,1,DNg100,DNg100_R,acetylcholine,DNpe040,DNpe040(CL320)_L
10056,14477,1,1,DNg100,DNg100_R,acetylcholine,PS185,PS185_L
10056,14746,1,1,DNg100,DNg100_R,acetylcholine,LAL304m,LAL304m_L
10056,14869,1,1,DNg100,DNg100_R,acetylcholine,LAL072,LAL072_L
10056,14936,1,0,DNg100,DNg100_R,acetylcholine,DNge052,DNge052_R
10056,14970,1,1,DNg100,DNg100_R,acetylcholine,DNge052,DNge052_L
10056,15246,1,1,DNg100,DNg100_R,acetylcholine,CB4105,CB4105_R
10056,15326,1,1,DNg100,DNg100_R,acetylcholine,DNg109,DNg109_L
10056,15341,1,0,DNg100,DNg100_R,acetylcholine,GNG085,GNG085_L
10056,15347,1,1,DNg100,DNg100_R,acetylcholine,DNge082,DNge082_L
10056,15448,1,1,DNg100,DNg100_R,acetylcholine,DNge097,DNge097_L
10056,15485,1,1,DNg100,DNg100_R,acetylcholine,DNge145,DNge145_L
10056,15685,1,1,DNg100,DNg100_R,acetylcholine,PS221,PS221_L
10056,15791,1,1,DNg100,DNg100_R,acetylcholine,SAD064,SAD064_L
10056,16018,1,0,DNg100,DNg100_R,acetylcholine,GNG580,GNG580_L
10056,16175,1,1,DNg100,DNg100_R,acetylcholine,IB118,IB118_L
10056,16266,1,1,DNg100,DNg100_R,acetylcholine,PS091,PS091_L
10056,16359,1,1,DNg100,DNg100_R,acetylcholine,GNG531,GNG531_L
10056,16586,1,1,DNg100,DNg100_R,acetylcholine,PS201,PS201_L
10056,16675,1,0,DNg100,DNg100_R,acetylcholine,AN08B112,AN08B112_L
10056,16942,1,0,DNg100,DNg100_R,acetylcholine,DNge098,DNge098_R
10056,17452,1,1,DNg100,DNg100_R,acetylcholine,AN17A012,AN17A012_L
10056,17522,1,1,DNg100,DNg100_R,acetylcholine,AN18B001,AN18B001_L
10056,17556,1,1,DNg100,DNg100_R,acetylcholine,,
10056,17574,1,0,DNg100,DNg100_R,acetylcholine,,
10056,17830,1,0,DNg100,DNg100_R,acetylcholine,SAD117,SAD117_L
10056,17939,1,1,DNg100,DNg100_R,acetylcholine,PVLP046,PVLP046_R
10056,18069,1,1,DNg100,DNg100_R,acetylcholine,GNG602,GNG602_R
10056,18531,1,1,DNg100,DNg100_R,acetylcholine,PVLP046,PVLP046_L
10056,19306,1,1,DNg100,DNg100_R,acetylcholine,GNG011,GNG011_R
10056,19358,1,1,DNg100,DNg100_R,acetylcholine,VES020,VES020_L
10056,19585,1,1,DNg100,DNg100_R,acetylcholine,VES022,VES022_L
10056,19696,1,0,DNg100,DNg100_R,acetylcholine,IB059_a,IB059_a_R
10056,19871,1,1,DNg100,DNg100_R,acetylcholine,DNg06,DNg06_L
10056,20061,1,1,DNg100,DNg100_R,acetylcholine,CB3870,CB3870_L
10056,20216,1,1,DNg100,DNg100_R,acetylcholine,AN07B106,AN07B106_L
10056,20452,1,1,DNg100,DNg100_R,acetylcholine,PS055,PS055_L
10056,20636,1,0,DNg100,DNg100_R,acetylcholine,AN12B019,AN12B019(18366)_R
10056,20652,1,1,DNg100,DNg100_R,acetylcholine,GNG124,GNG124_L
10056,20769,1,1,DNg100,DNg100_R,acetylcholine,AN23B004,AN23B004_L
10056,20831,1,0,DNg100,DNg100_R,acetylcholine,AN09A005,AN09A005_R
10056,20838,1,1,DNg100,DNg100_R,acetylcholine,SCL001m,SCL001m_L
10056,21110,1,1,DNg100,DNg100_R,acetylcholine,LoVC25,LoVC25_R
10056,22047,1,1,DNg100,DNg100_R,acetylcholine,AN00A006,AN00A006(22047)_M
10056,22597,1,1,DNg100,DNg100_R,acetylcholine,AN01A033,AN01A033_L
10056,22600,1,1,DNg100,DNg100_R,acetylcholine,PLP023,PLP023_L
10056,22884,1,1,DNg100,DNg100_R,acetylcholine,ExR5,ExR5_L
10056,23527,1,1,DNg100,DNg100_R,acetylcholine,VES031,VES031_L
10056,23721,1,1,DNg100,DNg100_R,acetylcholine,CB4105,CB4105_L
10056,23797,1,1,DNg100,DNg100_R,acetylcholine,AN12B008,AN12B008_L
10056,23893,1,1,DNg100,DNg100_R,acetylcholine,LT35,LT35_R
10056,23993,1,1,DNg100,DNg100_R,acetylcholine,CB3320,CB3320_L
10056,24347,1,0,DNg100,DNg100_R,acetylcholine,CL117,CL117_R
10056,24572,1,0,DNg100,DNg100_R,acetylcholine,AMMC026,AMMC026_L
10056,24873,1,1,DNg100,DNg100_R,acetylcholine,PS331,PS331(hb7112615403)_R
10056,25009,1,1,DNg100,DNg100_R,acetylcholine,PS055,PS055_L
10056,25044,1,1,DNg100,DNg100_R,acetylcholine,PS054,PS054_L
10056,25390,1,0,DNg100,DNg100_R,acetylcholine,IB022,IB022_L
10056,25844,1,1,DNg100,DNg100_R,acetylcholine,DNge058,DNge058_L
10056,25954,1,1,DNg100,DNg100_R,acetylcholine,PS055,PS055_L
10056,26344,1,0,DNg100,DNg100_R,acetylcholine,GNG458,GNG458_R
10056,26413,1,0,DNg100,DNg100_R,acetylcholine,DNg07,DNg07_L
10056,26589,1,0,DNg100,DNg100_R,acetylcholine,LoVC25,LoVC25_L
10056,26756,1,0,DNg100,DNg100_R,acetylcholine,,
10056,27905,1,0,DNg100,DNg100_R,acetylcholine,CB4094,CB4094_L
10056,28010,1,1,DNg100,DNg100_R,acetylcholine,LAL104,LAL104(LAL105)_L
10056,28131,1,1,DNg100,DNg100_R,acetylcholine,AN06B088,AN06B088_L
10056,29327,1,1,DNg100,DNg100_R,acetylcholine,PS221,PS221_L
10056,29450,1,1,DNg100,DNg100_R,acetylcholine,GNG493,GNG493_R
10056,29526,1,1,DNg100,DNg100_R,acetylcholine,CB3220,CB3220_L
10056,29816,1,1,DNg100,DNg100_R,acetylcholine,LPT111,LPT111_L
10056,30108,1,1,DNg100,DNg100_R,acetylcholine,VES057,VES057_L
10056,30630,1,1,DNg100,DNg100_R,acetylcholine,CL359,CL359_L
10056,30862,1,0,DNg100,DNg100_R,acetylcholine,AN17A014,AN17A014_L
10056,31227,1,0,DNg100,DNg100_R,acetylcholine,AN07B005,AN07B005_L
10056,31896,1,0,DNg100,DNg100_R,acetylcholine,AN18B002,AN18B002_R
10056,32262,1,1,DNg100,DNg100_R,acetylcholine,WED026,WED026_L
10056,32971,1,1,DNg100,DNg100_R,acetylcholine,CB4037,CB4037_L
10056,33020,1,1,DNg100,DNg100_R,acetylcholine,GNG657,GNG657_R
10056,33335,1,1,DNg100,DNg100_R,acetylcholine,DNpe024,DNpe024(CL325)_L
10056,34149,1,1,DNg100,DNg100_R,acetylcholine,CB1087,CB1087_L
10056,34402,1,1,DNg100,DNg100_R,acetylcholine,CB0122,CB0122_L
10056,35061,1,1,DNg100,DNg100_R,acetylcholine,CB3739,CB3739_L
10056,35714,1,1,DNg100,DNg100_R,acetylcholine,AN01B011,AN01B011_L
10056,35977,1,1,DNg100,DNg100_R,acetylcholine,PS076,PS076_L
10056,36415,1,1,DNg100,DNg100_R,acetylcholine,LPT113,LPT113_L
10056,38007,1,1,DNg100,DNg100_R,acetylcholine,AN05B107,AN05B107_L
10056,38194,1,1,DNg100,DNg100_R,acetylcholine,IPS001,IPS001_L
10056,40398,1,1,DNg100,DNg100_R,acetylcholine,CB4094,CB4094_L
10056,41054,1,1,DNg100,DNg100_R,acetylcholine,LAL151,LAL151_L
10056,41144,1,1,DNg100,DNg100_R,acetylcholine,CB0477,CB0477_R
10056,42518,1,1,DNg100,DNg100_R,acetylcholine,GNG657,GNG657_L
10056,43603,1,1,DNg100,DNg100_R,acetylcholine,CB2751,CB2751_R
10056,46348,1,1,DNg100,DNg100_R,acetylcholine,AN17A014,AN17A014_L
10056,47035,1,1,DNg100,DNg100_R,acetylcholine,PS328,PS328_L
10056,47311,1,1,DNg100,DNg100_R,acetylcholine,AN12B076,AN12B076_L
10056,47409,1,0,DNg100,DNg100_R,acetylcholine,AN19B022,AN19B022_R
10056,47802,1,1,DNg100,DNg100_R,acetylcholine,VES017,VES017_L
10056,49626,1,1,DNg100,DNg100_R,acetylcholine,WED166_d,WED166_d_L
10056,50794,1,1,DNg100,DNg100_R,acetylcholine,LPT112,LPT112_L
10056,53161,1,1,DNg100,DNg100_R,acetylcholine,IB032,IB032_R
10056,53722,1,1,DNg100,DNg100_R,acetylcholine,LPT112,LPT112_L
10056,56138,1,1,DNg100,DNg100_R,acetylcholine,AN19B009,AN19B009_R
10056,57797,1,1,DNg100,DNg100_R,acetylcholine,SAD080,SAD080_L
10056,59170,1,1,DNg100,DNg100_R,acetylcholine,VES049,VES049_L
10056,59754,1,0,DNg100,DNg100_R,acetylcholine,PS148,PS148_L
10056,62131,1,1,DNg100,DNg100_R,acetylcholine,SMP455,SMP455_L
10056,63441,1,1,DNg100,DNg100_R,acetylcholine,EA06B010,EA06B010_L
10056,63538,1,0,DNg100,DNg100_R,acetylcholine,SAD019,SAD019_L
10056,68199,1,1,DNg100,DNg100_R,acetylcholine,CB2094,CB2094_L
10056,68513,1,1,DNg100,DNg100_R,acetylcholine,CB1983,CB1983_L
10056,70654,1,0,DNg100,DNg100_R,acetylcholine,PS324,PS324_L
10056,73147,1,1,DNg100,DNg100_R,acetylcholine,CB4183,CB4183_L
10056,74742,1,0,DNg100,DNg100_R,acetylcholine,AN19A018,AN19A018_R
10056,75983,1,1,DNg100,DNg100_R,acetylcholine,CB1914,CB1914_R
10056,76611,1,0,DNg100,DNg100_R,acetylcholine,AN08B111,AN08B111_L
10056,87725,1,0,DNg100,DNg100_R,acetylcholine,CB4094,CB4094_R
10056,88989,1,1,DNg100,DNg100_R,acetylcholine,WED130,WED130_L
10056,90118,1,1,DNg100,DNg100_R,acetylcholine,AN08B100,AN08B100(90118)_L
10056,91150,1,1,DNg100,DNg100_R,acetylcholine,AMMC017,AMMC017_R
10056,92936,1,1,DNg100,DNg100_R,acetylcholine,DNge083,DNge083_L
10056,96947,1,1,DNg100,DNg100_R,acetylcholine,LPT112,LPT112_L
10056,98698,1,1,DNg100,DNg100_R,acetylcholine,AVLP462,AVLP462_R
10056,108122,1,1,DNg100,DNg100_R,acetylcholine,CB1268,CB1268_L
10056,117255,1,1,DNg100,DNg100_R,acetylcholine,PS194,PS194_L
10056,117984,1,1,DNg100,DNg100_R,acetylcholine,LPT112,LPT112_L
10056,118965,1,1,DNg100,DNg100_R,acetylcholine,WEDPN8D,WEDPN8D_L
10056,137160,1,0,DNg100,DNg100_R,acetylcholine,PS143,PS143_L
10056,140266,1,1,DNg100,DNg100_R,acetylcholine,PS193,PS193_L
10056,154930,1,1,DNg100,DNg100_R,acetylcholine,CB2081_a,CB2081_a_L
10056,188947,1,1,DNg100,DNg100_R,acetylcholine,DNg60,DNg60_R
10056,227102,1,0,DNg100,DNg100_R,acetylcholine,AN14A003,AN14A003_R
10056,312712,1,1,DNg100,DNg100_R,acetylcholine,DNde003,DNde003(LAL107)_L
10056,511926,1,1,DNg100,DNg100_R,acetylcholine,ANXXX068,ANXXX068_L
10056,512006,1,1,DNg100,DNg100_R,acetylcholine,DNg13,DNg13_R
10056,512241,1,1,DNg100,DNg100_R,acetylcholine,WED099,WED099_R
10056,512783,1,1,DNg100,DNg100_R,acetylcholine,PS142,PS142_L
10056,513054,1,1,DNg100,DNg100_R,acetylcholine,PS164,PS164(PS165)_L
10056,513134,1,0,DNg100,DNg100_R,acetylcholine,ANXXX152,ANXXX152_L
10056,513832,1,1,DNg100,DNg100_R,acetylcholine,,38808_L
10056,513843,1,1,DNg100,DNg100_R,acetylcholine,WED030_b,WED030_b_L
10056,514292,1,1,DNg100,DNg100_R,acetylcholine,GNG518,GNG518_L
10056,515231,1,1,DNg100,DNg100_R,acetylcholine,PS026,PS026_L
10056,517196,1,1,DNg100,DNg100_R,acetylcholine,PS138,PS138_L
10056,517332,1,1,DNg100,DNg100_R,acetylcholine,LoVC17,LoVC17_L
10056,519654,1,1,DNg100,DNg100_R,acetylcholine,AN10B024,AN10B024_L
10056,519705,1,0,DNg100,DNg100_R,acetylcholine,VES104,VES104_R
10056,519722,1,0,DNg100,DNg100_R,acetylcholine,PS263,PS263_L
10056,519899,1,1,DNg100,DNg100_R,acetylcholine,LoVC15,LoVC15_L
10056,519982,1,1,DNg100,DNg100_R,acetylcholine,VES071,VES071_L
10056,520188,1,1,DNg100,DNg100_R,acetylcholine,AVLP610,AVLP610(hb1416796844)_L
10056,520656,1,0,DNg100,DNg100_R,acetylcholine,WED201,WED201_L
10056,520899,1,1,DNg100,DNg100_R,acetylcholine,AMMC015,AMMC015_L
10056,521306,1,1,DNg100,DNg100_R,acetylcholine,GNG150,GNG150_L
10056,521459,1,1,DNg100,DNg100_R,acetylcholine,CB2646,CB2646_L
10056,521763,1,0,DNg100,DNg100_R,acetylcholine,CL339,CL339_R
10056,522807,1,1,DNg100,DNg100_R,acetylcholine,LAL134,LAL134_R
10056,523515,1,1,DNg100,DNg100_R,acetylcholine,ANXXX250,ANXXX250_L
10056,523808,1,1,DNg100,DNg100_R,acetylcholine,VES099,VES099_R
10056,523838,1,0,DNg100,DNg100_R,acetylcholine,VES094,VES094_R
10056,525454,1,1,DNg100,DNg100_R,acetylcholine,DNg74_b,DNg74_b_R
10056,525960,1,1,DNg100,DNg100_R,acetylcholine,DNa13,DNa13(LAL041)_L
10056,529104,1,1,DNg100,DNg100_R,acetylcholine,CB0640,CB0640_L
10056,529569,1,1,DNg100,DNg100_R,acetylcholine,GNG535,GNG535_L
10056,529572,1,1,DNg100,DNg100_R,acetylcholine,CB0204,CB0204_L
10056,529709,1,1,DNg100,DNg100_R,acetylcholine,LAL056,LAL056_L
10056,530021,1,1,DNg100,DNg100_R,acetylcholine,PS026,PS026_L
10056,530083,1,0,DNg100,DNg100_R,acetylcholine,WED166_d,WED166_d_L
10056,530217,1,1,DNg100,DNg100_R,acetylcholine,WED013,WED013_L
10056,531395,1,1,DNg100,DNg100_R,acetylcholine,CB0982,CB0982_L
10056,532944,1,0,DNg100,DNg100_R,acetylcholine,GNG553,GNG553_L
10056,533746,1,1,DNg100,DNg100_R,acetylcholine,AN17B008,AN17B008_L
10056,533748,1,1,DNg100,DNg100_R,acetylcholine,GNG633,GNG633_L
10056,536048,1,1,DNg100,DNg100_R,acetylcholine,DNp27,DNp27_L
10056,550749,1,0,DNg100,DNg100_R,acetylcholine,PS148,PS148_L
10056,555850,1,1,DNg100,DNg100_R,acetylcholine,DNge077,DNge077_R
10056,556717,1,1,DNg100,DNg100_R,acetylcholine,GNG538,GNG538_L
10056,557139,1,0,DNg100,DNg100_R,acetylcholine,LAL181,LAL181_L
10056,558781,1,1,DNg100,DNg100_R,acetylcholine,GNG590,GNG590_L
10056,572814,1,1,DNg100,DNg100_R,acetylcholine,GNG586,GNG586_R
10056,574984,1,0,DNg100,DNg100_R,acetylcholine,GNG385,GNG385_L
10056,800001,1,1,DNg100,DNg100_R,acetylcholine,IN07B016,IN07B016_L
10056,800022,1,1,DNg100,DNg100_R,acetylcholine,IN19B010,IN19B010_L
10056,800041,1,0,DNg100,DNg100_R,acetylcholine,IN27X001,IN27X001_R
10056,800042,1,0,DNg100,DNg100_R,acetylcholine,IN27X005,IN27X005_L
10056,800102,1,0,DNg100,DNg100_R,acetylcholine,IN03A004,IN03A004_L
10056,800123,1,0,DNg100,DNg100_R,acetylcholine,INXXX107,INXXX107_R
10056,800126,1,0,DNg100,DNg100_R,acetylcholine,IN09A001,IN09A001_L
10056,800139,1,1,DNg100,DNg100_R,acetylcholine,IN13A002,IN13A002_L
10056,800147,1,0,DNg100,DNg100_R,acetylcholine,IN12A001,IN12A001_L
10056,800153,1,0,DNg100,DNg100_R,acetylcholine,IN09A001,IN09A001_L
10056,800159,1,0,DNg100,DNg100_R,acetylcholine,IN19B003,IN19B003_R
10056,800162,1,1,DNg100,DNg100_R,acetylcholine,IN19A015,IN19A015_L
10056,800208,1,1,DNg100,DNg100_R,acetylcholine,IN05B010,IN05B010_R
10056,800226,1,1,DNg100,DNg100_R,acetylcholine,IN19A011,IN19A011_L
10056,800239,1,1,DNg100,DNg100_R,acetylcholine,IN08A007,IN08A007_L
10056,800257,1,1,DNg100,DNg100_R,acetylcholine,IN19A008,IN19A008_L
10056,800399,1,1,DNg100,DNg100_R,acetylcholine,IN19A124,IN19A124_L
10056,800430,1,0,DNg100,DNg100_R,acetylcholine,IN19A005,IN19A005_L
10056,800459,1,1,DNg100,DNg100_R,acetylcholine,IN03A001,IN03A001_L
10056,800508,1,1,DNg100,DNg100_R,acetylcholine,IN01A011,IN01A011_L
10056,800594,1,1,DNg100,DNg100_R,acetylcholine,INXXX008,INXXX008_L
10056,800595,1,1,DNg100,DNg100_R,acetylcholine,IN06B008,IN06B008_R
10056,800631,1,1,DNg100,DNg100_R,acetylcholine,IN12A003,IN12A003_L
10056,800636,1,0,DNg100,DNg100_R,acetylcholine,Ti extensor MN,Ti extensor MN_L
10056,800640,1,0,DNg100,DNg100_R,acetylcholine,IN20A.22A008,IN20A.22A008_L
10056,800757,1,1,DNg100,DNg100_R,acetylcholine,IN26X001,IN26X001_R
10056,800786,1,1,DNg100,DNg100_R,acetylcholine,IN17A028,IN17A028_L
10056,800790,1,1,DNg100,DNg100_R,acetylcholine,IN17A040,IN17A040_R
10056,800796,1,1,DNg100,DNg100_R,acetylcholine,IN19B011,IN19B011_L
10056,800801,1,1,DNg100,DNg100_R,acetylcholine,INXXX230,INXXX230_L
10056,800802,1,1,DNg100,DNg100_R,acetylcholine,IN21A004,IN21A004_L
10056,800844,1,1,DNg100,DNg100_R,acetylcholine,IN02A003,IN02A003_L
10056,800863,1,1,DNg100,DNg100_R,acetylcholine,INXXX466,INXXX466_L
10056,800894,1,1,DNg100,DNg100_R,acetylcholine,IN21A009,IN21A009_L
10056,800922,1,0,DNg100,DNg100_R,acetylcholine,IN09A004,IN09A004_L
10056,801117,1,1,DNg100,DNg100_R,acetylcholine,IN19B068,IN19B068_L
10056,801149,1,0,DNg100,DNg100_R,acetylcholine,INXXX466,INXXX466_L
10056,801207,1,1,DNg100,DNg100_R,acetylcholine,IN01A011,IN01A011_R
10056,801262,1,0,DNg100,DNg100_R,acetylcholine,IN18B011,IN18B011_R
10056,801387,1,1,DNg100,DNg100_R,acetylcholine,IN12B009,IN12B009_R
10056,801447,1,1,DNg100,DNg100_R,acetylcholine,IN03A014,IN03A014_L
10056,801524,1,1,DNg100,DNg100_R,acetylcholine,IN03A014,IN03A014_L
10056,801598,1,1,DNg100,DNg100_R,acetylcholine,IN03B019,IN03B019_L
10056,801685,1,1,DNg100,DNg100_R,acetylcholine,Sternotrochanter MN,Sternotrochanter MN_L
10056,801715,1,0,DNg100,DNg100_R,acetylcholine,Sternal posterior rotator MN,Sternal posterior rotator MN_L
10056,801798,1,1,DNg100,DNg100_R,acetylcholine,IN03B032,IN03B032_L
10056,801880,1,1,DNg100,DNg100_R,acetylcholine,IN08A050,IN08A050_L
10056,801985,1,0,DNg100,DNg100_R,acetylcholine,IN21A011,IN21A011_L
10056,802082,1,1,DNg100,DNg100_R,acetylcholine,IN14A009,IN14A009_R
10056,802104,1,0,DNg100,DNg100_R,acetylcholine,INXXX231,INXXX231_L
10056,802175,1,1,DNg100,DNg100_R,acetylcholine,IN21A013,IN21A013_L
10056,802210,1,1,DNg100,DNg100_R,acetylcholine,IN20A.22A035,IN20A.22A035_L
10056,802232,1,0,DNg100,DNg100_R,acetylcholine,Tr flexor MN,Tr flexor MN_L
10056,802239,1,1,DNg100,DNg100_R,acetylcholine,IN21A020,IN21A020_L
10056,802289,1,0,DNg100,DNg100_R,acetylcholine,vMS17,vMS17_L
10056,802366,1,0,DNg100,DNg100_R,acetylcholine,INXXX315,INXXX315_L
10056,802498,1,0,DNg100,DNg100_R,acetylcholine,IN21A013,IN21A013_L
10056,802523,1,1,DNg100,DNg100_R,acetylcholine,IN19B109,IN19B109_L
10056,802586,1,1,DNg100,DNg100_R,acetylcholine,IN03A017,IN03A017_L
10056,802640,1,0,DNg100,DNg100_R,acetylcholine,IN03A013,IN03A013_L
10056,802675,1,0,DNg100,DNg100_R,acetylcholine,INXXX468,INXXX468_L
10056,802684,1,1,DNg100,DNg100_R,acetylcholine,IN21A017,IN21A017_L
10056,802691,1,1,DNg100,DNg100_R,acetylcholine,IN03A034,IN03A034_L
10056,802705,1,1,DNg100,DNg100_R,acetylcholine,IN03B042,IN03B042_L
10056,802738,1,1,DNg100,DNg100_R,acetylcholine,IN08A016,IN08A016_L
10056,802937,1,0,DNg100,DNg100_R,acetylcholine,MNad63,MNad63_L
10056,803030,1,0,DNg100,DNg100_R,acetylcholine,IN04B010,IN04B010_L
10056,803113,1,1,DNg100,DNg100_R,acetylcholine,IN03A045,IN03A045_L
10056,803178,1,1,DNg100,DNg100_R,acetylcholine,IN02A030,IN02A030_L
10056,803200,1,0,DNg100,DNg100_R,acetylcholine,IN13B022,IN13B022_R
10056,803253,1,0,DNg100,DNg100_R,acetylcholine,IN12A019_a,IN12A019_a_L
10056,803273,1,1,DNg100,DNg100_R,acetylcholine,INXXX267,INXXX267_L
10056,803274,1,1,DNg100,DNg100_R,acetylcholine,IN03A022,IN03A022_L
10056,803333,1,1,DNg100,DNg100_R,acetylcholine,IN13B020,IN13B020_R
10056,803477,1,0,DNg100,DNg100_R,acetylcholine,IN11A003,IN11A003_L
10056,803514,1,1,DNg100,DNg100_R,acetylcholine,IN19A032,IN19A032_L
10056,803519,1,0,DNg100,DNg100_R,acetylcholine,IN18B045_b,IN18B045_b_L
10056,803572,1,0,DNg100,DNg100_R,acetylcholine,IN04B010,IN04B010_L
10056,803631,1,1,DNg100,DNg100_R,acetylcholine,IN20A.22A017,IN20A.22A017_L
10056,803745,1,1,DNg100,DNg100_R,acetylcholine,IN13B104,IN13B104_L
10056,803791,1,1,DNg100,DNg100_R,acetylcholine,IN20A.22A030,IN20A.22A030_L
10056,803815,1,1,DNg100,DNg100_R,acetylcholine,IN04B009,IN04B009_L
10056,803823,1,1,DNg100,DNg100_R,acetylcholine,IN12A019_a,IN12A019_a_R
10056,803868,1,1,DNg100,DNg100_R,acetylcholine,IN08A026,IN08A026_L
10056,803935,1,1,DNg100,DNg100_R,acetylcholine,INXXX269,INXXX269_R
10056,804017,1,0,DNg100,DNg100_R,acetylcholine,IN13A020,IN13A020_L
10056,804078,1,0,DNg100,DNg100_R,acetylcholine,MNhl29,MNhl29_L
10056,804253,1,1,DNg100,DNg100_R,acetylcholine,IN18B038,IN18B038_L
10056,804259,1,0,DNg100,DNg100_R,acetylcholine,IN23B028,IN23B028_R
10056,804269,1,1,DNg100,DNg100_R,acetylcholine,IN04B012,IN04B012_L
10056,804282,1,0,DNg100,DNg100_R,acetylcholine,IN16B037,IN16B037_L
10056,804311,1,1,DNg100,DNg100_R,acetylcholine,IN02A015,IN02A015_R
10056,804535,1,0,DNg100,DNg100_R,acetylcholine,IN04B010,IN04B010_L
10056,804539,1,1,DNg100,DNg100_R,acetylcholine,IN08A048,IN08A048_L
10056,804551,1,1,DNg100,DNg100_R,acetylcholine,IN01A025,IN01A025_R
10056,804665,1,1,DNg100,DNg100_R,acetylcholine,IN03A033,IN03A033_L
10056,804667,1,1,DNg100,DNg100_R,acetylcholine,IN16B045,IN16B045_L
10056,804720,1,0,DNg100,DNg100_R,acetylcholine,IN12B053,IN12B053_R
10056,804803,1,1,DNg100,DNg100_R,acetylcholine,IN01A034,IN01A034_R
10056,804891,1,1,DNg100,DNg100_R,acetylcholine,IN12A015,IN12A015_R
10056,804902,1,0,DNg100,DNg100_R,acetylcholine,IN19B068,IN19B068_L
10056,804961,1,0,DNg100,DNg100_R,acetylcholine,IN19B068,IN19B068_R
10056,805165,1,0,DNg100,DNg100_R,acetylcholine,"DVMn 3a, b","DVMn 3a, b_L"
10056,805272,1,1,DNg100,DNg100_R,acetylcholine,IN03A028,IN03A028_L
10056,805309,1,1,DNg100,DNg100_R,acetylcholine,ltm2-femur MN,ltm2-femur MN_L
10056,805320,1,1,DNg100,DNg100_R,acetylcholine,IN18B037,IN18B037_L
10056,805343,1,1,DNg100,DNg100_R,acetylcholine,IN08B033,IN08B033_L
10056,805362,1,1,DNg100,DNg100_R,acetylcholine,AN27X011,AN27X011_L
10056,805484,1,1,DNg100,DNg100_R,acetylcholine,IN20A.22A016,IN20A.22A016_L
10056,805814,1,1,DNg100,DNg100_R,acetylcholine,IN13A036,IN13A036_L
10056,805840,1,1,DNg100,DNg100_R,acetylcholine,IN20A.22A024,IN20A.22A024_L
10056,806096,1,1,DNg100,DNg100_R,acetylcholine,IN19A099,IN19A099_L
10056,806233,1,1,DNg100,DNg100_R,acetylcholine,IN08B054,IN08B054_L
10056,806505,1,1,DNg100,DNg100_R,acetylcholine,IN13B073,IN13B073_R
10056,806528,1,1,DNg100,DNg100_R,acetylcholine,IN04B077,IN04B077_L
10056,806550,1,1,DNg100,DNg100_R,acetylcholine,IN20A.22A046,IN20A.22A046_L
10056,806574,1,1,DNg100,DNg100_R,acetylcholine,IN20A.22A017,IN20A.22A017_L
10056,806602,1,1,DNg100,DNg100_R,acetylcholine,IN12B046,IN12B046_R
10056,806706,1,1,DNg100,DNg100_R,acetylcholine,IN20A.22A016,IN20A.22A016_L
10056,806932,1,1,DNg100,DNg100_R,acetylcholine,IN16B052,IN16B052_L
10056,806937,1,1,DNg100,DNg100_R,acetylcholine,IN01A063_b,IN01A063_b_R
10056,806981,1,1,DNg100,DNg100_R,acetylcholine,IN07B055,IN07B055_L
10056,807106,1,1,DNg100,DNg100_R,acetylcholine,IN21A044,IN21A044_L
10056,807126,1,0,DNg100,DNg100_R,acetylcholine,IN08B055,IN08B055_R
10056,807137,1,1,DNg100,DNg100_R,acetylcholine,IN21A037,IN21A037_L
10056,807263,1,1,DNg100,DNg100_R,acetylcholine,IN07B054,IN07B054_L
10056,807370,1,1,DNg100,DNg100_R,acetylcholine,IN13B037,IN13B037_R
10056,807435,1,1,DNg100,DNg100_R,acetylcholine,INXXX290,INXXX290_L
10056,807670,1,1,DNg100,DNg100_R,acetylcholine,IN21A038,IN21A038_L
10056,807671,1,1,DNg100,DNg100_R,acetylcholine,IN17A107,IN17A107_L
10056,807709,1,0,DNg100,DNg100_R,acetylcholine,IN01B033,IN01B033_L
10056,807906,1,1,DNg100,DNg100_R,acetylcholine,Tr extensor MN,Tr extensor MN_L
10056,807907,1,1,DNg100,DNg100_R,acetylcholine,IN12B048,IN12B048_R
10056,807936,1,1,DNg100,DNg100_R,acetylcholine,IN21A038,IN21A038_L
10056,808005,1,1,DNg100,DNg100_R,acetylcholine,IN20A.22A043,IN20A.22A043_L
10056,808154,1,0,DNg100,DNg100_R,acetylcholine,IN20A.22A038,IN20A.22A038_L
10056,808310,1,1,DNg100,DNg100_R,acetylcholine,IN01A073,IN01A073_R
10056,808386,1,1,DNg100,DNg100_R,acetylcholine,IN12B021,IN12B021_R
10056,808420,1,1,DNg100,DNg100_R,acetylcholine,IN20A.22A022,IN20A.22A022_L
10056,808520,1,1,DNg100,DNg100_R,acetylcholine,IN12B037_e,IN12B037_e_R
10056,808760,1,0,DNg100,DNg100_R,acetylcholine,IN04B079,IN04B079_L
10056,808867,1,0,DNg100,DNg100_R,acetylcholine,IN20A.22A041,IN20A.22A041_L
10056,808885,1,1,DNg100,DNg100_R,acetylcholine,IN08B063,IN08B063_L
10056,808902,1,1,DNg100,DNg100_R,acetylcholine,IN14A037,IN14A037_R
10056,809009,1,1,DNg100,DNg100_R,acetylcholine,IN19A102,IN19A102_L
10056,809110,1,1,DNg100,DNg100_R,acetylcholine,IN01A073,IN01A073_L
10056,809392,1,1,DNg100,DNg100_R,acetylcholine,IN12B083,IN12B083_L
10056,809612,1,0,DNg100,DNg100_R,acetylcholine,IN04B108,IN04B108_L
10056,809990,1,1,DNg100,DNg100_R,acetylcholine,IN02A034,IN02A034_L
10056,810146,1,0,DNg100,DNg100_R,acetylcholine,IN01A062_c,IN01A062_c_R
10056,810159,1,1,DNg100,DNg100_R,acetylcholine,IN20A.22A086,IN20A.22A086_L
10056,810197,1,1,DNg100,DNg100_R,acetylcholine,IN09A063,IN09A063_L
10056,810216,1,0,DNg100,DNg100_R,acetylcholine,"IN14A042,IN14A047","IN14A042,IN14A047_R"
10056,810267,1,1,DNg100,DNg100_R,acetylcholine,IN01B054,IN01B054_L
10056,810288,1,1,DNg100,DNg100_R,acetylcholine,IN03A085,IN03A085_L
10056,810861,1,1,DNg100,DNg100_R,acetylcholine,IN03A045,IN03A045_L
10056,810877,1,0,DNg100,DNg100_R,acetylcholine,IN20A.22A024,IN20A.22A024_L
10056,811400,1,1,DNg100,DNg100_R,acetylcholine,MNxm02,MNxm02_L
10056,811679,1,0,DNg100,DNg100_R,acetylcholine,IN13B093,IN13B093_R
10056,811714,1,1,DNg100,DNg100_R,acetylcholine,IN12B074,IN12B074_R
10056,811751,1,1,DNg100,DNg100_R,acetylcholine,IN13A041,IN13A041_L
10056,812077,1,0,DNg100,DNg100_R,acetylcholine,IN13B093,IN13B093_R
10056,812078,1,0,DNg100,DNg100_R,acetylcholine,IN12A041,IN12A041_L
10056,812102,1,1,DNg100,DNg100_R,acetylcholine,IN01B055,IN01B055_L
10056,812119,1,1,DNg100,DNg100_R,acetylcholine,IN12B044_e,IN12B044_e_R
10056,812355,1,1,DNg100,DNg100_R,acetylcholine,IN05B064_b,IN05B064_b_L
10056,812467,1,1,DNg100,DNg100_R,acetylcholine,IN01A082,IN01A082_R
10056,812829,1,1,DNg100,DNg100_R,acetylcholine,IN13A055,IN13A055_L
10056,812831,1,1,DNg100,DNg100_R,acetylcholine,IN14A054,IN14A054_R
10056,813435,1,1,DNg100,DNg100_R,acetylcholine,IN02A033,IN02A033_L
10056,813914,1,0,DNg100,DNg100_R,acetylcholine,IN19A059,IN19A059_L
10056,814062,1,0,DNg100,DNg100_R,acetylcholine,IN09A030,IN09A030_L
10056,814090,1,1,DNg100,DNg100_R,acetylcholine,IN12B048,IN12B048_L
10056,814128,1,1,DNg100,DNg100_R,acetylcholine,IN21A079,IN21A079_L
10056,814808,1,1,DNg100,DNg100_R,acetylcholine,IN17A101,IN17A101_L
10056,815270,1,1,DNg100,DNg100_R,acetylcholine,IN09A088,IN09A088_L
10056,816324,1,1,DNg100,DNg100_R,acetylcholine,IN09A054,IN09A054_L
10056,816438,1,1,DNg100,DNg100_R,acetylcholine,IN09A071,IN09A071_L
10056,817655,1,1,DNg100,DNg100_R,acetylcholine,Ta depressor MN,Ta depressor MN_L
10056,818295,1,0,DNg100,DNg100_R,acetylcholine,Ti flexor MN,Ti flexor MN_L
10056,818368,1,1,DNg100,DNg100_R,acetylcholine,IN09A083,IN09A083_L
10056,819278,1,1,DNg100,DNg100_R,acetylcholine,Ta depressor MN,Ta depressor MN_L
10056,820012,1,1,DNg100,DNg100_R,acetylcholine,IN01A079,IN01A079_L
10056,821154,1,0,DNg100,DNg100_R,acetylcholine,Acc. tr flexor MN,Acc. tr flexor MN_L
10056,822380,1,1,DNg100,DNg100_R,acetylcholine,IN21A066,IN21A066_L
10056,823498,1,1,DNg100,DNg100_R,acetylcholine,,
10056,823739,1,1,DNg100,DNg100_R,acetylcholine,Ti flexor MN,Ti flexor MN_L
10056,825681,1,1,DNg100,DNg100_R,acetylcholine,ltm MN,ltm MN_L
10056,828939,1,0,DNg100,DNg100_R,acetylcholine,Tr flexor MN,Tr flexor MN_L
10056,830847,1,1,DNg100,DNg100_R,acetylcholine,STTMm,STTMm_L
10056,832424,1,1,DNg100,DNg100_R,acetylcholine,,
10056,843389,1,1,DNg100,DNg100_R,acetylcholine,Acc. ti flexor MN,Acc. ti flexor MN_L
10056,902432,1,1,DNg100,DNg100_R,acetylcholine,IN20A.22A024,IN20A.22A024_L
10056,902704,1,0,DNg100,DNg100_R,acetylcholine,IN12B009,IN12B009_L
10056,902712,1,0,DNg100,DNg100_R,acetylcholine,IN20A.22A010,IN20A.22A010_L
10056,903139,1,0,DNg100,DNg100_R,acetylcholine,IN16B036,IN16B036_L
10056,903491,1,1,DNg100,DNg100_R,acetylcholine,INXXX269,INXXX269_R
10056,903497,1,0,DNg100,DNg100_R,acetylcholine,IN20A.22A008,IN20A.22A008_L
10056,903819,1,0,DNg100,DNg100_R,acetylcholine,IN08B001,IN08B001_R
10056,903932,1,1,DNg100,DNg100_R,acetylcholine,IN21A047_e,IN21A047_e_L
10056,904022,1,0,DNg100,DNg100_R,acetylcholine,IN19B010,IN19B010_R
10056,904061,1,0,DNg100,DNg100_R,acetylcholine,INXXX121,INXXX121_L
10056,904584,1,1,DNg100,DNg100_R,acetylcholine,IN14A016,IN14A016_R
10056,904657,1,1,DNg100,DNg100_R,acetylcholine,Sternotrochanter MN,Sternotrochanter MN_L
10056,904672,1,0,DNg100,DNg100_R,acetylcholine,IN21A116,IN21A116_L
10056,904707,1,1,DNg100,DNg100_R,acetylcholine,IN13A006,IN13A006_L
10056,904741,1,0,DNg100,DNg100_R,acetylcholine,IN13A012,IN13A012_L
10056,904853,1,1,DNg100,DNg100_R,acetylcholine,IN12A024,IN12A024_L
10056,904917,1,1,DNg100,DNg100_R,acetylcholine,IN14A007,IN14A007_R
10056,905004,1,0,DNg100,DNg100_R,acetylcholine,IN02A029,IN02A029_L
10056,905069,1,1,DNg100,DNg100_R,acetylcholine,INXXX087,INXXX087_L
10056,905271,1,1,DNg100,DNg100_R,acetylcholine,IN12B005,IN12B005_L
10056,905300,1,0,DNg100,DNg100_R,acetylcholine,IN16B073,IN16B073_L
10056,905550,1,1,DNg100,DNg100_R,acetylcholine,IN03A028,IN03A028_L
10056,905853,1,1,DNg100,DNg100_R,acetylcholine,"IN20A.22A036,IN20A.22A072","IN20A.22A036,IN20A.22A072_L"
10056,906372,1,1,DNg100,DNg100_R,acetylcholine,IN03A062_b,IN03A062_b_L
10056,906410,1,1,DNg100,DNg100_R,acetylcholine,IN23B028,IN23B028_L
10056,907479,1,0,DNg100,DNg100_R,acetylcholine,IN20A.22A015,IN20A.22A015_L
10056,907973,1,1,DNg100,DNg100_R,acetylcholine,IN08B042,IN08B042_L
10056,908094,1,1,DNg100,DNg100_R,acetylcholine,Acc. ti flexor MN,Acc. ti flexor MN_L
10056,908485,1,1,DNg100,DNg100_R,acetylcholine,IN04B091,IN04B091_L
10056,908571,1,0,DNg100,DNg100_R,acetylcholine,IN04B037,IN04B037_L
10056,908717,1,1,DNg100,DNg100_R,acetylcholine,IN12B092,IN12B092_R
10056,908738,1,0,DNg100,DNg100_R,acetylcholine,IN16B122,IN16B122_L
10056,908766,1,1,DNg100,DNg100_R,acetylcholine,IN20A.22A056,IN20A.22A056_L
10056,908927,1,1,DNg100,DNg100_R,acetylcholine,IN09A077,IN09A077_L
10056,909056,1,1,DNg100,DNg100_R,acetylcholine,IN04B031,IN04B031_L
10056,909127,1,1,DNg100,DNg100_R,acetylcholine,IN20A.22A050,IN20A.22A050_L
10056,909200,1,1,DNg100,DNg100_R,acetylcholine,IN14A023,IN14A023_R
10056,909443,1,1,DNg100,DNg100_R,acetylcholine,IN20A.22A016,IN20A.22A016_L
10056,909618,1,1,DNg100,DNg100_R,acetylcholine,Acc. tr flexor MN,Acc. tr flexor MN_L
10056,909948,1,1,DNg100,DNg100_R,acetylcholine,IN12B072,IN12B072_R
10056,910040,1,1,DNg100,DNg100_R,acetylcholine,IN03A062_a,IN03A062_a_L
10056,910094,1,1,DNg100,DNg100_R,acetylcholine,IN05B091,IN05B091_L
10056,910316,1,0,DNg100,DNg100_R,acetylcholine,IN04B067,IN04B067_L
10056,910903,1,0,DNg100,DNg100_R,acetylcholine,IN21A079,IN21A079_L
10056,911265,1,0,DNg100,DNg100_R,acetylcholine,IN13B078,IN13B078_R
10056,911624,1,1,DNg100,DNg100_R,acetylcholine,INXXX436,INXXX436_L
10056,912085,1,1,DNg100,DNg100_R,acetylcholine,IN21A006,IN21A006_L
10056,912244,1,1,DNg100,DNg100_R,acetylcholine,IN21A100,IN21A100_L
10056,914445,1,1,DNg100,DNg100_R,acetylcholine,IN27X005,IN27X005_R
10056,926810,1,1,DNg100,DNg100_R,acetylcholine,IN21A083,IN21A083_L
10056,928274,1,0,DNg100,DNg100_R,acetylcholine,INXXX003,INXXX003_L
10056,933415,1,1,DNg100,DNg100_R,acetylcholine,INXXX269,INXXX269_L
10056,934091,1,1,DNg100,DNg100_R,acetylcholine,Tergopleural/Pleural promotor MN,Tergopleural/Pleural promotor MN_L
10056,934591,1,0,DNg100,DNg100_R,acetylcholine,IN07B009,IN07B009_R
10056,935467,1,0,DNg100,DNg100_R,acetylcholine,IN01A063_c,IN01A063_c_R
10056,935681,1,1,DNg100,DNg100_R,acetylcholine,,
10056,936619,1,1,DNg100,DNg100_R,acetylcholine,IN20A.22A051,IN20A.22A051_L
10056,937641,1,1,DNg100,DNg100_R,acetylcholine,IN03A093,IN03A093_L
10056,939660,1,1,DNg100,DNg100_R,acetylcholine,IN07B034,IN07B034_L
10056,940282,1,0,DNg100,DNg100_R,acetylcholine,IN20A.22A085,IN20A.22A085_L
10056,940355,1,0,DNg100,DNg100_R,acetylcholine,,
10056,955155,1,1,DNg100,DNg100_R,acetylcholine,,
10056,508788865,1,1,DNg100,DNg100_R,acetylcholine,GNG665,GNG665_R
10056,1050119039,1,1,DNg100,DNg100_R,acetylcholine,MNml78,MNml78_L
10056,1050135559,1,0,DNg100,DNg100_R,acetylcholine,IN08B055,IN08B055_L
10056,1050166426,1,1,DNg100,DNg100_R,acetylcholine,Ti flexor MN,Ti flexor MN_L
10056,1050272154,1,1,DNg100,DNg100_R,acetylcholine,,
10056,1050364885,1,1,DNg100,DNg100_R,acetylcholine,IN21A037,IN21A037_L
10056,1050403926,1,0,DNg100,DNg100_R,acetylcholine,Ta depressor MN,Ta depressor MN_L
10056,1050669248,1,1,DNg100,DNg100_R,acetylcholine,Tr flexor MN,Tr flexor MN_L
10056,1051705096,1,1,DNg100,DNg100_R,acetylcholine,IN14A074,IN14A074_R
